bit_length,semiprime,lattice_dimension,precision_parameter,babais_approximation_distance,refined_approximation_distance,enum_distance,iterations
20,572149,7,4,78,73,73,0
20,867989,7,4,62,55,55,0
20,870913,7,4,73,64,64,1
20,821749,7,4,71,68,68,2
20,568291,7,4,97,65,65,4
20,582599,7,4,83,72,72,1
20,622121,7,4,103,92,92,1
20,974153,7,4,49,47,47,1
20,596867,7,4,65,63,63,1
20,846551,7,4,124,88,88,17
20,717583,7,4,72,71,71,20
20,594851,7,4,79,74,74,0
20,860677,7,4,95,88,88,2
20,648103,7,4,119,118,118,0
20,585209,7,4,89,67,67,2
20,574069,7,4,76,68,68,1
20,690077,7,4,92,86,86,2
20,886139,7,4,92,87,87,10
20,560401,7,4,100,97,97,1
20,975703,7,4,87,82,82,10
20,804509,7,4,85,56,56,0
20,544967,7,4,78,74,74,8
20,804509,7,4,75,51,51,2
20,658627,7,4,93,83,83,3
20,658523,7,4,58,55,55,2
20,621497,7,4,93,87,87,4
20,648103,7,4,79,68,68,1
20,525647,7,4,77,74,74,2
20,784639,7,4,121,95,95,1
20,631451,7,4,79,71,71,1
20,593729,7,4,69,67,67,8
20,949469,7,4,82,75,75,1
20,896773,7,4,78,71,71,4
20,539069,7,4,88,80,80,3
20,799067,7,4,80,73,73,15
20,610381,7,4,90,86,86,4
20,610381,7,4,65,61,61,8
20,795439,7,4,69,65,65,0
20,750187,7,4,90,83,83,2
20,916243,7,4,87,79,79,2
20,562013,7,4,82,79,79,46
20,919537,7,4,89,88,88,1
20,636179,7,4,70,64,64,15
20,532799,7,4,98,90,90,1
20,726403,7,4,90,86,86,1
20,858929,7,4,70,60,60,3
20,944159,7,4,84,78,78,0
20,904279,7,4,71,63,63,1
20,975703,7,4,94,90,90,0
20,561263,7,4,87,70,70,2
20,682817,7,4,91,59,59,1
20,593771,7,4,90,63,63,2
20,979571,7,4,97,96,96,0
20,794083,7,4,79,75,75,0
20,587761,7,4,97,91,91,1
20,580579,7,4,89,88,88,0
20,540031,7,4,81,67,67,0
20,756851,7,4,84,74,74,1
20,581387,7,4,96,79,79,3
20,818299,7,4,84,81,81,0
20,613621,7,4,80,59,59,0
20,644773,7,4,98,82,82,0
20,652133,7,4,79,75,75,2
20,636679,7,4,88,84,84,0
20,538243,7,4,56,53,53,1
20,652823,7,4,82,77,77,6
20,592171,7,4,82,52,52,0
20,619481,7,4,70,63,63,0
20,698897,7,4,102,72,72,3
20,716957,7,4,76,63,63,24
20,536381,7,4,61,52,52,1
20,795841,7,4,69,57,57,2
20,592271,7,4,58,54,54,0
20,657521,7,4,102,78,78,14
20,555329,7,4,79,66,66,5
20,746699,7,4,76,71,71,2
20,625649,7,4,67,62,62,24
20,697483,7,4,74,62,62,0
20,848059,7,4,83,80,80,2
20,550897,7,4,84,70,70,5
20,680957,7,4,111,103,103,1
20,554881,7,4,75,68,68,1
20,941077,7,4,66,62,62,1
20,585209,7,4,131,126,126,2
20,754729,7,4,78,74,74,1
20,577519,7,4,75,70,70,1
20,770141,7,4,74,72,72,0
20,732727,7,4,87,86,86,3
20,637757,7,4,86,74,74,0
20,660761,7,4,74,59,59,15
20,635231,7,4,83,82,82,18
20,659119,7,4,78,66,66,4
20,659389,7,4,87,71,71,3
20,722879,7,4,65,59,59,5
20,620131,7,4,72,67,67,0
20,624571,7,4,116,66,66,0
20,626257,7,4,93,90,90,14
20,616081,7,4,91,80,80,2
20,679027,7,4,76,74,74,8
20,572149,7,4,101,91,91,0
30,739895083,10,4,74,71,71,4
30,669670021,10,4,116,103,103,0
30,574144069,10,4,68,67,67,1
30,802338767,10,4,92,79,79,0
30,599935129,10,4,89,79,79,1
30,988683049,10,4,104,90,90,5
30,785130391,10,4,81,70,70,3
30,960339473,10,4,94,88,88,0
30,591768277,10,4,74,68,68,5
30,698245259,10,4,87,78,78,3
30,826915079,10,4,119,107,109,4
30,629513711,10,4,89,72,72,7
30,702419077,10,4,88,78,78,2
30,726334529,10,4,75,63,63,8
30,739019153,10,4,85,65,65,1
30,752550943,10,4,74,70,70,4
30,556998691,10,4,105,90,90,1
30,552658039,10,4,91,85,85,8
30,792891149,10,4,89,86,86,1
30,945549043,10,4,108,82,82,3
30,577771871,10,4,86,85,85,3
30,641040151,10,4,93,86,86,2
30,656292383,10,4,88,70,70,1
30,545062127,10,4,84,66,66,1
30,601630517,10,4,91,78,78,1
30,631287263,10,4,76,61,61,2
30,729885007,10,4,87,78,78,2
30,866065883,10,4,79,77,77,0
30,825717439,10,4,83,77,77,5
30,934687241,10,4,72,71,71,2
30,691352003,10,4,96,85,85,6
30,554493689,10,4,87,66,66,1
30,683411299,10,4,99,80,80,1
30,766783103,10,4,96,94,94,1
30,873869287,10,4,110,96,96,1
30,865895761,10,4,83,63,63,1
30,776666179,10,4,112,103,103,1
30,581081197,10,4,87,60,60,4
30,807064331,10,4,73,72,72,1
30,845877547,10,4,94,93,93,1
30,543218129,10,4,87,81,81,2
30,849291181,10,4,79,70,70,1
30,692331203,10,4,89,82,82,1
30,725902273,10,4,93,84,84,1
30,652601143,10,4,81,74,74,6
30,637130509,10,4,79,65,65,11
30,845831099,10,4,79,72,72,2
30,607425769,10,4,91,89,89,2
30,567324803,10,4,78,68,68,8
30,938047661,10,4,70,66,66,0
30,902081207,10,4,74,54,54,1
30,779995787,10,4,100,90,90,4
30,889295873,10,4,94,91,91,3
30,945780427,10,4,86,84,84,6
30,543758431,10,4,82,68,68,1
30,788416949,10,4,91,81,81,0
30,764383343,10,4,76,70,70,12
30,726157511,10,4,75,73,73,0
30,577895749,10,4,76,62,62,0
30,775711949,10,4,88,71,71,10
30,551694769,10,4,76,75,75,2
30,677902619,10,4,86,70,70,6
30,914336419,10,4,88,79,79,11
30,743162489,10,4,112,98,98,2
30,585794917,10,4,87,84,84,0
30,558047251,10,4,90,80,80,14
30,579748033,10,4,106,102,102,1
30,675218417,10,4,76,65,65,22
30,769659973,10,4,74,65,65,10
30,667052377,10,4,94,63,63,4
30,827132239,10,4,81,80,80,0
30,621885553,10,4,71,66,66,2
30,913356133,10,4,71,63,63,4
30,674574451,10,4,88,74,74,1
30,957205759,10,4,83,73,73,1
30,612521461,10,4,92,89,89,4
30,561750517,10,4,83,71,71,1
30,661122269,10,4,91,90,90,2
30,721149893,10,4,74,71,71,0
30,655443913,10,4,73,62,62,2
30,706297979,10,4,80,75,75,4
30,616863613,10,4,88,60,60,1
30,677928029,10,4,110,103,103,0
30,653784067,10,4,97,95,95,26
30,886606817,10,4,79,68,68,6
30,608564951,10,4,84,68,68,4
30,711763279,10,4,87,73,73,17
30,841458071,10,4,87,78,78,2
30,757134229,10,4,110,106,106,3
30,552613871,10,4,87,72,72,3
30,809772949,10,4,102,92,92,2
30,608304857,10,4,71,56,56,13
30,621121841,10,4,86,79,79,0
30,683693201,10,4,103,102,102,4
30,1026927877,10,4,94,90,90,11
30,809324833,10,4,89,75,75,2
30,698693537,10,4,84,82,82,3
30,717426007,10,4,80,79,79,6
30,783247379,10,4,101,95,95,0
30,715817273,10,4,111,87,87,2
40,5.75858E+11,14,4,78,72,72,1
40,8.52442E+11,14,4,110,96,96,1
40,8.93982E+11,14,4,114,99,99,21
40,6.07127E+11,14,4,77,71,71,3
40,9.55839E+11,14,4,88,83,83,1
40,6.63815E+11,14,4,87,86,86,11
40,7.50589E+11,14,4,124,114,114,1
40,5.97388E+11,14,4,108,83,83,10
40,7.99036E+11,14,4,112,105,105,2
40,6.9712E+11,14,4,105,91,91,11
40,8.86038E+11,14,4,101,94,94,9
40,6.55396E+11,14,4,119,111,111,7
40,8.084E+11,14,4,89,78,78,5
40,6.90501E+11,14,4,76,75,75,0
40,1.03093E+12,14,4,130,122,122,11
40,6.83088E+11,14,4,86,73,73,3
40,9.82184E+11,14,4,116,114,114,4
40,5.71872E+11,14,4,96,87,87,1
40,6.07483E+11,14,4,113,102,102,6
40,8.12872E+11,14,4,107,90,90,3
40,9.02819E+11,14,4,92,80,80,3
40,7.95003E+11,14,4,92,61,61,1
40,7.07121E+11,14,4,114,101,101,1
40,8.35125E+11,14,4,120,107,107,1
40,5.57242E+11,14,4,87,75,75,26
40,9.78484E+11,14,4,93,84,84,38
40,6.37708E+11,14,4,95,94,94,5
40,1.00764E+12,14,4,90,59,59,4
40,7.43599E+11,14,4,115,79,79,7
40,8.48647E+11,14,4,97,93,93,2
40,6.35565E+11,14,4,89,75,75,13
40,8.14322E+11,14,4,92,78,78,2
40,6.68308E+11,14,4,91,87,87,18
40,6.02579E+11,14,4,107,102,102,9
40,7.54925E+11,14,4,118,115,115,7
40,7.96622E+11,14,4,81,76,76,2
40,5.76023E+11,14,4,94,88,88,2
40,5.60202E+11,14,4,106,86,86,24
40,8.40417E+11,14,4,127,115,115,3
40,7.92775E+11,14,4,108,107,107,5
40,6.38737E+11,14,4,116,103,103,1
40,7.64682E+11,14,4,98,96,96,59
40,5.93444E+11,14,4,103,102,102,5
40,8.16954E+11,14,4,108,99,99,3
40,5.52021E+11,14,4,105,89,89,3
40,7.12315E+11,14,4,95,88,88,13
40,8.68305E+11,14,4,112,97,97,62
40,8.97745E+11,14,4,98,87,87,1
40,6.71072E+11,14,4,120,115,115,2
40,9.82061E+11,14,4,99,94,94,2
40,6.93161E+11,14,4,107,94,94,11
40,7.02196E+11,14,4,87,75,75,11
40,6.59886E+11,14,4,87,84,84,5
40,6.40512E+11,14,4,123,118,118,4
40,7.02829E+11,14,4,108,102,102,1
40,8.41824E+11,14,4,84,73,73,1
40,7.9142E+11,14,4,100,79,79,4
40,5.88034E+11,14,4,80,72,72,3
40,9.22536E+11,14,4,91,82,82,8
40,6.27638E+11,14,4,118,115,115,4
40,6.36345E+11,14,4,96,70,70,8
40,1.00922E+12,14,4,112,92,92,4
40,9.74976E+11,14,4,99,91,91,2
40,7.20877E+11,14,4,102,94,94,0
40,7.6185E+11,14,4,115,111,111,7
40,8.19807E+11,14,4,93,82,82,8
40,9.24298E+11,14,4,79,74,74,8
40,7.01404E+11,14,4,107,95,95,1
40,8.17895E+11,14,4,113,104,104,16
40,7.25809E+11,14,4,80,69,69,1
40,5.69159E+11,14,4,88,85,85,3
40,7.64269E+11,14,4,99,98,98,9
40,5.6305E+11,14,4,98,70,70,4
40,7.16309E+11,14,4,87,83,83,7
40,6.40039E+11,14,4,121,114,114,4
40,8.06499E+11,14,4,107,90,90,5
40,7.72652E+11,14,4,85,81,81,1
40,8.09715E+11,14,4,107,78,78,9
40,5.98679E+11,14,4,98,87,87,1
40,6.34254E+11,14,4,111,106,106,2
40,8.11068E+11,14,4,94,87,87,2
40,6.27215E+11,14,4,87,78,78,3
40,6.2171E+11,14,4,106,101,101,9
40,6.36916E+11,14,4,112,103,103,3
40,6.20282E+11,14,4,86,84,84,4
40,8.07958E+11,14,4,139,125,125,7
40,5.88397E+11,14,4,91,70,70,6
40,6.90647E+11,14,4,111,101,101,5
40,8.65276E+11,14,4,78,61,61,1
40,5.5756E+11,14,4,82,66,66,18
40,5.99477E+11,14,4,106,105,105,2
40,6.65333E+11,14,4,110,98,98,2
40,7.20041E+11,14,4,99,85,85,23
40,8.8744E+11,14,4,114,104,104,1
40,5.84748E+11,14,4,125,119,119,4
40,5.777E+11,14,4,101,77,77,4
40,6.24403E+11,14,4,100,90,90,3
40,9.60873E+11,14,4,95,91,91,1
40,8.94574E+11,14,4,80,76,76,7
40,9.68179E+11,14,4,86,79,79,6
50,7.90395E+14,17,4,147,139,139,1
50,7.98628E+14,17,4,112,101,101,4
50,7.91751E+14,17,4,116,109,109,5
50,6.55137E+14,17,4,113,87,87,6
50,9.315E+14,17,4,108,88,88,6
50,7.05927E+14,17,4,106,104,104,7
50,6.94646E+14,17,4,79,75,75,1
50,7.17088E+14,17,4,108,95,95,2
50,5.68274E+14,17,4,109,106,106,5
50,5.89011E+14,17,4,75,69,69,4
50,6.98446E+14,17,4,110,93,93,4
50,6.19125E+14,17,4,101,99,99,2
50,7.30767E+14,17,4,106,105,105,13
50,6.13791E+14,17,4,100,91,91,3
50,7.07557E+14,17,4,124,107,107,11
50,7.34797E+14,17,4,107,98,98,2
50,7.76375E+14,17,4,104,103,103,8
50,5.70905E+14,17,4,107,88,88,2
50,8.28511E+14,17,4,88,83,83,1
50,7.15603E+14,17,4,112,95,95,5
50,5.8368E+14,17,4,158,117,117,3
50,7.04687E+14,17,4,96,95,95,9
50,9.25137E+14,17,4,126,111,111,11
50,6.14725E+14,17,4,140,128,128,1
50,5.70538E+14,17,4,139,130,130,3
50,7.80928E+14,17,4,74,71,71,6
50,6.73393E+14,17,4,132,115,115,4
50,6.47404E+14,17,4,101,82,82,2
50,8.83277E+14,17,4,117,111,111,12
50,5.9826E+14,17,4,132,115,115,5
50,6.9307E+14,17,4,106,100,100,5
50,8.943E+14,17,4,96,92,92,19
50,7.85735E+14,17,4,101,82,82,1
50,6.94693E+14,17,4,99,85,85,2
50,5.66181E+14,17,4,132,113,113,1
50,5.88452E+14,17,4,99,98,98,1
50,6.06326E+14,17,4,128,120,120,2
50,1.06798E+15,17,4,96,95,95,36
50,7.14663E+14,17,4,112,102,102,5
50,9.44429E+14,17,4,146,137,138,44
50,7.25742E+14,17,4,101,88,88,6
50,8.94782E+14,17,4,109,108,108,3
50,6.53288E+14,17,4,111,80,80,1
50,7.84175E+14,17,4,103,100,100,6
50,7.36894E+14,17,4,106,104,104,17
50,6.98182E+14,17,4,110,108,108,2
50,8.4228E+14,17,4,91,89,89,1
50,7.93256E+14,17,4,104,83,83,13
50,8.93329E+14,17,4,91,83,83,23
50,5.86993E+14,17,4,123,115,115,1
50,8.81233E+14,17,4,123,116,116,34
50,7.33934E+14,17,4,123,121,121,3
50,7.21201E+14,17,4,104,103,103,1
50,6.80142E+14,17,4,110,100,100,1
50,8.99352E+14,17,4,104,94,94,11
50,7.89204E+14,17,4,117,107,107,2
50,5.98818E+14,17,4,131,113,113,42
50,5.82266E+14,17,4,118,114,114,9
50,6.37201E+14,17,4,124,118,118,7
50,1.04013E+15,17,4,123,117,117,32
50,5.82318E+14,17,4,107,102,102,19
50,5.77037E+14,17,4,127,103,103,3
50,7.34425E+14,17,4,112,79,79,13
50,6.1993E+14,17,4,100,93,93,3
50,5.88984E+14,17,4,128,101,101,5
50,5.69531E+14,17,4,103,102,102,107
50,5.84008E+14,17,4,61,55,55,2
50,7.35918E+14,17,4,102,79,91,2
50,5.97096E+14,17,4,122,114,114,14
50,7.5194E+14,17,4,115,110,110,5
50,8.89427E+14,17,4,127,101,101,19
50,1.04864E+15,17,4,111,98,98,12
50,7.65586E+14,17,4,89,83,83,3
50,5.79441E+14,17,4,139,111,111,3
50,7.6066E+14,17,4,87,82,82,1
50,7.40994E+14,17,4,113,79,79,5
50,8.19524E+14,17,4,91,84,84,6
50,7.50419E+14,17,4,103,92,92,24
50,6.31849E+14,17,4,87,76,76,6
50,9.09213E+14,17,4,91,80,80,19
50,8.9579E+14,17,4,139,122,122,2
50,7.51585E+14,17,4,112,96,96,2
50,5.78838E+14,17,4,125,109,109,1
50,8.99662E+14,17,4,111,105,105,0
50,9.00075E+14,17,4,97,95,95,16
50,7.69161E+14,17,4,140,131,131,13
50,1.04227E+15,17,4,111,106,106,30
50,6.58766E+14,17,4,111,96,96,2
50,8.57524E+14,17,4,116,95,95,3
50,9.4201E+14,17,4,111,102,102,14
50,7.66363E+14,17,4,88,85,85,3
50,7.11219E+14,17,4,183,179,179,7
50,7.99506E+14,17,4,121,98,98,1
50,7.86038E+14,17,4,107,91,91,1
50,6.5056E+14,17,4,166,156,156,2
50,6.59037E+14,17,4,125,116,116,5
50,9.39917E+14,17,4,121,110,110,2
50,8.68848E+14,17,4,114,97,97,3
50,1.07446E+15,17,4,120,100,100,4
50,8.09066E+14,17,4,79,78,78,4
60,1.0143E+18,20,4,138,136,136,3
60,9.13705E+17,20,4,144,137,137,10
60,6.49448E+17,20,4,155,131,131,22
60,7.28749E+17,20,4,119,117,117,1
60,7.12912E+17,20,4,167,155,155,20
60,6.23713E+17,20,4,135,119,119,17
60,6.35818E+17,20,4,104,97,97,6
60,6.89271E+17,20,4,128,120,120,1
60,7.85495E+17,20,4,123,104,104,1
60,7.86395E+17,20,4,95,84,84,18
60,9.18226E+17,20,4,145,140,140,6
60,7.05272E+17,20,4,140,120,120,4
60,6.31012E+17,20,4,118,116,116,6
60,6.98167E+17,20,4,110,107,107,18
60,6.07451E+17,20,4,145,99,99,11
60,6.33423E+17,20,4,130,111,111,3
60,6.53322E+17,20,4,95,75,75,9
60,9.17901E+17,20,4,108,96,96,19
60,6.90024E+17,20,4,155,149,149,24
60,7.53135E+17,20,4,170,163,163,4
60,8.67433E+17,20,4,119,117,117,29
60,8.96798E+17,20,4,100,98,98,4
60,8.56771E+17,20,4,125,96,96,27
60,8.67418E+17,20,4,118,103,103,5
60,7.32499E+17,20,4,140,131,131,2
60,6.61531E+17,20,4,117,113,113,3
60,7.22141E+17,20,4,127,112,112,6
60,8.5485E+17,20,4,127,116,116,8
60,9.29197E+17,20,4,137,127,127,13
60,6.54209E+17,20,4,131,115,115,14
60,5.94141E+17,20,4,140,118,118,2
60,8.18289E+17,20,4,81,71,71,4
60,6.42998E+17,20,4,86,77,77,4
60,1.01417E+18,20,4,132,115,115,8
60,8.42124E+17,20,4,132,116,116,37
60,5.95464E+17,20,4,118,107,107,3
60,8.68542E+17,20,4,117,99,99,4
60,8.76505E+17,20,4,120,112,112,14
60,9.97231E+17,20,4,99,98,98,1
60,7.98885E+17,20,4,149,135,135,36
60,6.96616E+17,20,4,121,115,115,16
60,1.03335E+18,20,4,114,109,109,1
60,6.03048E+17,20,4,138,119,119,2
60,9.2964E+17,20,4,115,114,114,46
60,8.79939E+17,20,4,135,119,119,2
60,1.01956E+18,20,4,94,90,90,4
60,5.76855E+17,20,4,97,95,95,2
60,6.44097E+17,20,4,115,111,111,2
60,8.92377E+17,20,4,95,71,71,17
60,6.76142E+17,20,4,147,132,132,6
60,6.28572E+17,20,4,138,110,110,8
60,5.85736E+17,20,4,132,130,130,16
60,7.3531E+17,20,4,147,144,144,4
60,8.83226E+17,20,4,124,120,120,3
60,7.97586E+17,20,4,130,127,127,2
60,9.26983E+17,20,4,123,88,88,7
60,7.6616E+17,20,4,124,88,88,1
60,8.69774E+17,20,4,107,104,104,3
60,7.46825E+17,20,4,135,111,111,24
60,7.06598E+17,20,4,109,103,103,6
60,6.11072E+17,20,4,102,91,91,5
60,6.0655E+17,20,4,152,151,151,26
60,6.64394E+17,20,4,120,103,103,10
60,7.74832E+17,20,4,106,101,101,8
60,6.14428E+17,20,4,129,122,122,17
60,6.0493E+17,20,4,136,133,133,36
60,5.78671E+17,20,4,122,106,106,14
60,7.55969E+17,20,4,156,144,144,5
60,6.09807E+17,20,4,129,111,111,14
60,8.52706E+17,20,4,125,111,111,12
60,1.01691E+18,20,4,114,111,111,7
60,7.27908E+17,20,4,122,115,115,3
60,6.6487E+17,20,4,179,169,169,18
60,7.88072E+17,20,4,127,116,116,4
60,6.74503E+17,20,4,127,115,115,6
60,6.25278E+17,20,4,92,80,80,15
60,8.84426E+17,20,4,212,194,194,14
60,7.12231E+17,20,4,102,100,100,5
60,1.01583E+18,20,4,126,125,125,9
60,8.10982E+17,20,4,101,97,97,6
60,1.08624E+18,20,4,124,119,119,6
60,6.2156E+17,20,4,136,110,110,6
60,8.96663E+17,20,4,149,103,103,17
60,6.41879E+17,20,4,116,100,100,9
60,6.13177E+17,20,4,132,116,116,4
60,6.73274E+17,20,4,140,139,139,64
60,6.37791E+17,20,4,111,98,98,5
60,8.07562E+17,20,4,119,110,110,38
60,5.98802E+17,20,4,83,82,82,13
60,6.13303E+17,20,4,113,82,82,10
60,8.81487E+17,20,4,99,80,80,6
60,7.4079E+17,20,4,127,120,120,8
60,7.65361E+17,20,4,95,86,86,10
60,7.87735E+17,20,4,119,113,113,4
60,6.08599E+17,20,4,130,117,117,6
60,9.384E+17,20,4,100,99,99,3
60,7.31782E+17,20,4,157,147,147,7
60,6.34005E+17,20,4,167,147,147,39
60,8.67724E+17,20,4,116,110,110,4
60,8.44983E+17,20,4,128,126,126,5
70,7.66244E+20,24,4,134,125,125,9
70,6.21683E+20,24,4,142,138,138,3
70,9.19798E+20,24,4,153,146,146,4
70,8.19149E+20,24,4,121,103,103,4
70,6.98332E+20,24,4,126,123,123,3
70,6.57255E+20,24,4,162,143,143,2
70,6.04728E+20,24,4,111,106,106,2
70,6.39542E+20,24,4,153,128,128,10
70,6.14899E+20,24,4,140,131,131,13
70,9.41777E+20,24,4,121,114,114,4
70,6.97309E+20,24,4,140,131,131,2
70,1.02229E+21,24,4,155,131,131,3
70,6.41801E+20,24,4,170,158,158,21
70,8.10726E+20,24,4,161,145,145,9
70,7.39433E+20,24,4,133,108,108,3
70,6.28513E+20,24,4,114,109,109,4
70,6.58075E+20,24,4,186,183,183,9
70,6.60712E+20,24,4,135,108,124,7
70,6.60184E+20,24,4,140,138,138,18
70,8.38094E+20,24,4,115,100,100,4
70,8.81577E+20,24,4,168,163,163,4
70,8.87406E+20,24,4,235,219,219,8
70,1.06432E+21,24,4,140,110,110,2
70,7.86122E+20,24,4,142,139,139,6
70,7.00063E+20,24,4,150,138,138,5
70,8.38896E+20,24,4,134,117,117,4
70,7.37629E+20,24,4,171,166,166,24
70,6.2959E+20,24,4,150,122,122,11
70,8.44199E+20,24,4,124,123,123,6
70,7.16112E+20,24,4,145,143,143,18
70,8.28787E+20,24,4,128,122,122,9
70,8.37908E+20,24,4,130,126,126,8
70,6.6445E+20,24,4,155,116,116,27
70,7.50511E+20,24,4,177,158,158,14
70,7.61861E+20,24,4,157,130,130,5
70,7.17807E+20,24,4,121,97,97,5
70,6.35673E+20,24,4,132,127,127,12
70,9.8439E+20,24,4,128,114,114,4
70,7.36415E+20,24,4,142,131,131,1
70,9.09164E+20,24,4,132,127,127,4
70,1.0092E+21,24,4,119,103,103,10
70,5.96897E+20,24,4,116,115,115,27
70,7.06903E+20,24,4,148,121,121,3
70,6.3871E+20,24,4,142,110,110,4
70,6.86768E+20,24,4,126,122,122,8
70,7.77354E+20,24,4,136,126,126,2
70,6.36768E+20,24,4,119,112,112,6
70,8.02411E+20,24,4,122,110,110,9
70,7.50818E+20,24,4,127,99,99,8
70,8.57878E+20,24,4,137,123,123,1
70,7.38819E+20,24,4,143,138,138,5
70,6.52988E+20,24,4,144,137,137,2
70,6.3153E+20,24,4,124,121,121,3
70,7.46024E+20,24,4,113,111,111,3
70,6.27563E+20,24,4,132,123,123,4
70,1.07351E+21,24,4,125,118,118,14
70,6.91814E+20,24,4,138,122,122,4
70,1.03695E+21,24,4,140,115,115,3
70,6.89774E+20,24,4,130,128,128,95
70,7.01015E+20,24,4,128,122,122,14
70,1.10621E+21,24,4,126,118,118,13
70,8.05464E+20,24,4,136,132,132,48
70,8.95154E+20,24,4,133,123,123,31
70,6.45169E+20,24,4,142,135,135,3
70,9.11622E+20,24,4,160,156,156,0
70,7.59988E+20,24,4,113,111,111,17
70,7.88757E+20,24,4,146,136,136,15
70,9.56685E+20,24,4,139,131,131,27
70,6.09448E+20,24,4,122,121,121,9
70,7.78423E+20,24,4,168,155,155,10
70,9.11969E+20,24,4,130,100,100,56
70,8.37063E+20,24,4,126,106,106,4
70,8.36321E+20,24,4,133,120,120,4
70,8.16863E+20,24,4,132,124,124,15
70,7.25209E+20,24,4,119,117,117,5
70,6.20468E+20,24,4,126,122,122,3
70,7.71008E+20,24,4,148,146,146,10
70,6.51706E+20,24,4,156,155,155,28
70,6.50033E+20,24,4,137,121,121,22
70,6.74613E+20,24,4,117,104,104,26
70,7.4508E+20,24,4,110,107,107,33
70,6.23623E+20,24,4,131,123,123,18
70,1.11877E+21,24,4,127,109,109,13
70,8.273E+20,24,4,147,136,136,5
70,6.83843E+20,24,4,138,129,129,38
70,6.63433E+20,24,4,144,143,143,14
70,6.83629E+20,24,4,126,123,123,3
70,7.6161E+20,24,4,157,144,144,2
70,6.04646E+20,24,4,117,113,113,5
70,6.96501E+20,24,4,170,154,154,3
70,6.78738E+20,24,4,119,115,115,6
70,7.56752E+20,24,4,135,132,132,15
70,6.1086E+20,24,4,155,147,147,35
70,8.70086E+20,24,4,175,163,163,2
70,7.37736E+20,24,4,129,124,124,10
70,7.91823E+20,24,4,99,95,95,6
70,8.39893E+20,24,4,148,146,146,8
70,9.90853E+20,24,4,151,105,105,7
70,9.47728E+20,24,4,143,115,115,34
70,6.609E+20,24,4,120,111,111,26
80,7.5905E+23,27,4,148,145,145,59
80,8.26678E+23,27,4,149,146,146,5
80,1.08672E+24,27,4,138,131,131,6
80,7.3556E+23,27,4,141,138,138,67
80,7.34312E+23,27,4,129,128,128,2
80,6.15347E+23,27,4,126,115,115,4
80,9.20495E+23,27,4,142,132,132,23
80,9.27725E+23,27,4,171,159,159,26
80,6.73014E+23,27,4,165,159,159,12
80,9.52501E+23,27,4,156,153,153,14
80,6.2374E+23,27,4,124,123,123,2
80,6.43186E+23,27,4,148,137,137,8
80,6.54356E+23,27,4,147,143,143,28
80,6.35712E+23,27,4,188,170,170,24
80,1.14521E+24,27,4,130,124,124,1
80,6.6579E+23,27,4,117,113,113,17
80,9.21286E+23,27,4,169,148,148,7
80,6.20982E+23,27,4,115,103,103,7
80,8.43174E+23,27,4,181,162,162,4
80,6.32623E+23,27,4,146,135,135,4
80,6.42495E+23,27,4,130,127,127,10
80,7.45669E+23,27,4,158,153,153,12
80,6.70725E+23,27,4,127,97,97,3
80,7.22219E+23,27,4,120,116,116,3
80,9.53828E+23,27,4,150,148,148,1
80,6.34944E+23,27,4,143,115,115,23
80,8.97319E+23,27,4,123,122,122,8
80,1.11124E+24,27,4,143,136,136,21
80,8.40914E+23,27,4,184,173,173,11
80,8.09909E+23,27,4,153,145,145,17
80,8.46397E+23,27,4,142,131,131,63
80,6.86114E+23,27,4,216,180,180,6
80,7.14693E+23,27,4,143,142,142,9
80,6.68024E+23,27,4,118,102,102,4
80,6.82827E+23,27,4,142,124,124,34
80,7.58301E+23,27,4,167,162,162,4
80,7.27585E+23,27,4,146,128,145,2
80,7.35452E+23,27,4,140,138,138,13
80,1.01437E+24,27,4,220,216,216,64
80,9.20786E+23,27,4,161,155,155,9
80,7.42713E+23,27,4,176,174,174,43
80,8.14582E+23,27,4,133,132,132,2
80,7.40873E+23,27,4,137,131,131,10
80,8.76619E+23,27,4,133,131,131,5
80,6.09304E+23,27,4,147,139,139,42
80,8.41719E+23,27,4,155,148,148,25
80,8.25277E+23,27,4,160,147,147,6
80,9.25852E+23,27,4,99,97,97,7
80,6.82847E+23,27,4,126,123,123,6
80,8.03852E+23,27,4,163,146,146,1
80,7.15082E+23,27,4,157,130,130,5
80,6.1481E+23,27,4,112,110,110,14
80,6.19384E+23,27,4,133,123,123,9
80,6.90475E+23,27,4,174,171,171,2
80,7.73347E+23,27,4,152,151,151,11
80,6.88601E+23,27,4,121,99,99,10
80,8.55354E+23,27,4,134,117,117,55
80,9.01145E+23,27,4,144,142,142,12
80,6.92706E+23,27,4,164,162,162,11
80,9.29384E+23,27,4,159,146,146,9
80,7.33288E+23,27,4,152,145,145,10
80,8.35151E+23,27,4,129,118,118,15
80,9.84849E+23,27,4,168,155,155,33
80,6.64482E+23,27,4,136,130,130,40
80,7.22499E+23,27,4,176,156,156,6
80,9.50315E+23,27,4,129,126,126,7
80,7.0324E+23,27,4,153,147,147,23
80,1.10304E+24,27,4,158,125,125,26
80,1.01571E+24,27,4,124,111,111,20
80,7.94978E+23,27,4,166,157,157,11
80,9.17998E+23,27,4,172,150,150,3
80,9.83971E+23,27,4,141,137,137,2
80,7.64967E+23,27,4,135,130,130,3
80,9.6037E+23,27,4,118,116,116,8
80,6.14219E+23,27,4,130,120,120,10
80,8.85812E+23,27,4,140,133,133,16
80,7.63344E+23,27,4,140,138,138,5
80,6.84734E+23,27,4,150,146,146,1
80,6.6904E+23,27,4,264,260,260,3
80,8.56312E+23,27,4,131,130,130,5
80,9.30994E+23,27,4,155,144,144,5
80,1.07874E+24,27,4,337,328,328,8
80,8.03685E+23,27,4,161,153,153,15
80,6.49828E+23,27,4,231,211,211,14
80,8.29541E+23,27,4,178,166,166,23
80,6.88409E+23,27,4,156,134,134,3
80,8.70727E+23,27,4,193,184,184,18
80,7.07783E+23,27,4,188,169,169,8
80,9.25016E+23,27,4,115,106,106,2
80,7.17695E+23,27,4,143,139,139,6
80,6.33022E+23,27,4,154,136,136,1
80,7.3048E+23,27,4,138,126,126,13
80,1.09002E+24,27,4,136,124,124,4
80,9.74684E+23,27,4,162,138,138,3
80,6.5251E+23,27,4,107,102,102,7
80,7.82236E+23,27,4,119,113,113,10
80,9.94794E+23,27,4,134,117,117,20
80,6.94958E+23,27,4,211,208,208,6
80,1.09827E+24,27,4,147,136,136,46
80,6.82561E+23,27,4,104,102,102,5
90,9.77373E+26,30,4,184,180,180,33
90,6.65986E+26,30,4,144,140,140,18
90,6.25515E+26,30,4,176,166,166,6
90,9.49788E+26,30,4,148,142,142,11
90,6.64838E+26,30,4,128,122,122,8
90,8.05965E+26,30,4,170,163,163,10
90,6.95241E+26,30,4,172,160,160,30
90,6.80947E+26,30,4,167,160,160,3
90,7.15172E+26,30,4,159,152,152,21
90,9.57155E+26,30,4,164,147,147,19
90,6.79732E+26,30,4,169,166,166,7
90,8.03626E+26,30,4,134,124,124,4
90,6.77008E+26,30,4,183,179,179,18
90,6.35711E+26,30,4,161,158,158,43
90,6.24456E+26,30,4,150,141,141,31
90,7.77999E+26,30,4,134,130,130,5
90,7.28706E+26,30,4,149,135,135,3
90,8.78449E+26,30,4,157,135,135,65
90,7.36114E+26,30,4,147,134,134,10
90,6.80317E+26,30,4,147,146,146,3
90,8.40035E+26,30,4,155,150,150,7
90,1.02986E+27,30,4,153,145,145,11
90,1.02075E+27,30,4,164,163,163,8
90,6.88361E+26,30,4,134,129,129,4
90,7.56097E+26,30,4,197,178,178,5
90,9.6894E+26,30,4,177,167,167,9
90,7.26243E+26,30,4,142,126,126,5
90,6.20529E+26,30,4,156,154,154,21
90,7.31662E+26,30,4,149,144,144,37
90,7.2128E+26,30,4,152,133,133,10
90,8.6916E+26,30,4,203,182,182,6
90,7.40406E+26,30,4,141,115,115,8
90,7.35224E+26,30,4,141,126,126,11
90,6.84091E+26,30,4,231,229,229,8
90,7.25442E+26,30,4,153,149,149,7
90,8.87227E+26,30,4,159,158,158,6
90,9.06883E+26,30,4,171,150,150,4
90,9.40991E+26,30,4,224,212,212,4
90,1.16497E+27,30,4,168,140,140,11
90,6.49672E+26,30,4,214,212,212,9
90,8.52478E+26,30,4,250,237,237,3
90,6.38065E+26,30,4,131,121,121,3
90,1.00489E+27,30,4,146,143,143,4
90,1.18563E+27,30,4,186,174,174,19
90,9.98487E+26,30,4,172,138,138,28
90,6.21956E+26,30,4,149,147,147,19
90,6.49021E+26,30,4,180,171,171,18
90,7.67105E+26,30,4,195,173,173,16
90,1.10001E+27,30,4,170,154,154,9
90,1.09994E+27,30,4,192,179,179,4
90,1.01842E+27,30,4,191,170,170,7
90,8.55665E+26,30,4,165,135,135,15
90,8.62549E+26,30,4,180,175,175,5
90,1.08635E+27,30,4,155,152,152,12
90,9.2847E+26,30,4,178,170,170,4
90,9.47992E+26,30,4,167,150,150,11
90,8.23844E+26,30,4,138,129,129,2
90,9.85645E+26,30,4,150,143,143,41
90,9.22286E+26,30,4,176,164,164,16
90,6.30887E+26,30,4,147,146,146,8
90,8.32919E+26,30,4,151,149,149,7
90,6.43103E+26,30,4,161,146,146,15
90,6.43832E+26,30,4,161,122,122,6
90,1.05559E+27,30,4,144,132,132,5
90,6.88539E+26,30,4,141,137,137,5
90,7.47583E+26,30,4,136,134,134,4
90,9.55046E+26,30,4,161,159,159,28
90,9.09276E+26,30,4,147,142,142,16
90,8.36841E+26,30,4,178,163,163,11
90,7.99624E+26,30,4,131,125,125,26
90,7.8761E+26,30,4,137,119,119,4
90,8.40019E+26,30,4,131,118,118,17
90,9.59554E+26,30,4,175,160,160,17
90,6.52391E+26,30,4,139,132,132,4
90,1.0145E+27,30,4,201,195,195,7
90,9.6067E+26,30,4,183,182,182,24
90,7.76561E+26,30,4,139,136,136,29
90,9.4071E+26,30,4,224,219,219,7
90,6.79787E+26,30,4,148,144,144,5
90,8.34472E+26,30,4,209,202,202,37
90,8.94493E+26,30,4,154,148,148,7
90,6.49825E+26,30,4,157,144,144,10
90,8.4141E+26,30,4,182,165,165,8
90,7.52388E+26,30,4,157,156,156,1
90,6.60825E+26,30,4,170,165,165,65
90,7.20212E+26,30,4,145,139,139,25
90,8.89713E+26,30,4,164,149,149,5
90,9.05265E+26,30,4,142,132,132,9
90,9.72664E+26,30,4,237,217,217,10
90,6.25803E+26,30,4,162,154,154,20
90,1.05235E+27,30,4,144,127,127,6
90,6.90946E+26,30,4,181,172,172,4
90,7.28805E+26,30,4,173,166,166,2
90,6.61721E+26,30,4,176,158,158,5
90,7.77839E+26,30,4,164,163,163,9
90,8.49778E+26,30,4,165,160,160,34
90,7.54775E+26,30,4,153,150,150,9
90,8.06584E+26,30,4,183,176,176,20
90,9.18909E+26,30,4,175,171,171,24
90,8.18263E+26,30,4,174,169,169,14
100,6.40246E+29,34,4,165,152,152,10
100,7.12289E+29,34,4,141,132,132,12
100,7.42367E+29,34,4,144,135,135,8
100,9.02103E+29,34,4,187,168,168,41
100,7.71037E+29,34,4,170,160,160,3
100,9.54395E+29,34,4,203,200,200,54
100,9.61115E+29,34,4,231,193,193,44
100,7.7775E+29,34,4,196,175,175,120
100,8.67962E+29,34,4,199,197,197,3
100,6.91028E+29,34,4,164,156,156,3
100,9.79364E+29,34,4,160,137,137,1
100,6.76481E+29,34,4,172,151,151,10
100,8.27707E+29,34,4,172,168,168,38
100,1.03833E+30,34,4,218,202,202,26
100,6.92329E+29,34,4,158,130,130,20
100,7.70094E+29,34,4,153,150,150,21
100,7.1465E+29,34,4,161,146,146,20
100,1.04073E+30,34,4,155,154,154,38
100,9.93357E+29,34,4,247,235,235,3
100,8.66539E+29,34,4,200,196,196,2
100,8.804E+29,34,4,178,175,175,8
100,9.29967E+29,34,4,145,142,142,4
100,9.85456E+29,34,4,232,230,230,27
100,6.73533E+29,34,4,170,161,161,10
100,6.65983E+29,34,4,175,173,173,24
100,8.93712E+29,34,4,227,216,216,97
100,7.86768E+29,34,4,181,180,180,4
100,1.19811E+30,34,4,160,135,135,34
100,8.10017E+29,34,4,137,117,117,17
100,9.09876E+29,34,4,169,163,163,12
100,6.59165E+29,34,4,208,200,200,2
100,8.5304E+29,34,4,150,141,141,10
100,9.20681E+29,34,4,200,185,185,41
100,1.00374E+30,34,4,186,183,183,8
100,9.01564E+29,34,4,182,160,160,12
100,7.24154E+29,34,4,176,172,172,31
100,7.63627E+29,34,4,201,171,171,58
100,1.01258E+30,34,4,231,213,213,2
100,6.58765E+29,34,4,209,201,201,17
100,9.38292E+29,34,4,152,138,138,26
100,7.29638E+29,34,4,162,150,159,15
100,6.37021E+29,34,4,206,195,195,3
100,1.22469E+30,34,4,154,148,148,29
100,1.13834E+30,34,4,184,180,180,26
100,6.47125E+29,34,4,160,159,159,2
100,1.2232E+30,34,4,175,165,165,29
100,6.37187E+29,34,4,194,161,161,3
100,7.09632E+29,34,4,160,149,149,3
100,7.65127E+29,34,4,155,151,151,5
100,6.50474E+29,34,4,147,136,136,20
100,9.46134E+29,34,4,157,149,149,4
100,1.21111E+30,34,4,232,228,228,15
100,6.58705E+29,34,4,182,180,180,7
100,6.97088E+29,34,4,168,160,160,9
100,8.90732E+29,34,4,152,143,143,5
100,6.711E+29,34,4,139,136,136,3
100,7.09068E+29,34,4,185,171,171,4
100,7.78206E+29,34,4,286,272,272,6
100,1.09631E+30,34,4,193,190,190,30
100,8.72143E+29,34,4,170,159,159,8
100,9.5189E+29,34,4,165,155,155,25
100,6.64408E+29,34,4,175,164,164,9
100,9.58866E+29,34,4,149,138,138,34
100,9.95796E+29,34,4,157,156,156,3
100,8.01591E+29,34,4,164,163,163,10
100,7.61734E+29,34,4,205,185,185,14
100,8.0513E+29,34,4,199,193,193,3
100,1.15708E+30,34,4,314,299,299,81
100,7.74752E+29,34,4,206,179,179,39
100,7.10882E+29,34,4,171,150,150,33
100,8.07888E+29,34,4,202,191,191,35
100,9.01114E+29,34,4,202,191,191,47
100,9.37108E+29,34,4,177,143,143,3
100,6.74562E+29,34,4,198,195,195,8
100,7.42365E+29,34,4,192,180,180,5
100,6.52369E+29,34,4,208,187,187,5
100,6.39701E+29,34,4,229,226,226,29
100,9.44532E+29,34,4,150,147,147,14
100,6.90659E+29,34,4,206,199,199,19
100,7.66088E+29,34,4,196,191,191,25
100,7.81842E+29,34,4,165,162,162,9
100,6.95706E+29,34,4,212,199,199,6
100,8.56054E+29,34,4,185,184,184,10
100,7.90088E+29,34,4,183,179,179,15
100,7.67087E+29,34,4,244,217,217,64
100,6.50453E+29,34,4,201,199,199,3
100,6.62569E+29,34,4,204,195,195,23
100,1.04141E+30,34,4,168,160,160,21
100,6.45853E+29,34,4,373,361,361,44
100,8.31363E+29,34,4,188,185,185,6
100,7.82178E+29,34,4,296,295,295,50
100,8.32772E+29,34,4,177,171,171,5
100,7.20819E+29,34,4,194,190,190,37
100,6.37153E+29,34,4,237,216,216,3
100,7.27922E+29,34,4,156,154,154,7
100,1.15231E+30,34,4,115,114,114,8
100,6.58026E+29,34,4,185,179,179,19
100,7.70322E+29,34,4,256,254,254,35
100,7.13295E+29,34,4,170,159,159,20
100,7.50472E+29,34,4,226,210,210,32
110,1.06285E+33,37,4,179,171,171,7
110,9.24908E+32,37,4,187,186,186,17
110,9.70413E+32,37,4,225,197,197,23
110,9.12654E+32,37,4,182,179,179,3
110,7.68566E+32,37,4,231,221,221,33
110,9.16888E+32,37,4,182,166,166,7
110,6.68011E+32,37,4,202,199,199,6
110,7.15934E+32,37,4,203,196,196,2
110,1.19202E+33,37,4,199,193,193,55
110,1.06705E+33,37,4,206,196,196,16
110,8.28638E+32,37,4,174,170,170,1
110,8.99271E+32,37,4,207,195,195,16
110,1.1141E+33,37,4,154,143,143,4
110,6.73675E+32,37,4,156,154,154,7
110,8.90411E+32,37,4,185,169,169,6
110,9.56237E+32,37,4,216,208,208,9
110,7.14454E+32,37,4,187,167,167,35
110,6.81392E+32,37,4,177,151,151,7
110,8.50467E+32,37,4,188,167,167,13
110,7.37089E+32,37,4,189,176,176,31
110,7.58032E+32,37,4,442,423,423,98
110,8.41647E+32,37,4,234,231,231,43
110,8.47559E+32,37,4,199,197,197,7
110,7.43726E+32,37,4,181,177,177,18
110,6.77972E+32,37,4,219,217,217,2
110,6.96383E+32,37,4,137,134,134,28
110,8.71206E+32,37,4,161,155,155,15
110,7.13712E+32,37,4,167,146,146,4
110,8.75243E+32,37,4,161,149,149,10
110,6.60969E+32,37,4,179,175,175,29
110,1.15361E+33,37,4,197,187,187,15
110,7.02498E+32,37,4,181,176,176,1
110,1.00047E+33,37,4,209,207,207,22
110,9.44247E+32,37,4,196,194,194,2
110,7.74433E+32,37,4,182,173,173,18
110,7.6917E+32,37,4,223,175,175,5
110,8.13501E+32,37,4,187,169,169,3
110,7.47188E+32,37,4,232,229,229,7
110,8.29136E+32,37,4,186,175,175,9
110,1.06662E+33,37,4,164,157,157,11
110,7.07528E+32,37,4,251,238,238,21
110,7.79823E+32,37,4,133,120,120,2
110,7.45646E+32,37,4,175,171,171,19
110,7.17382E+32,37,4,180,174,174,34
110,6.57843E+32,37,4,242,212,212,4
110,6.54319E+32,37,4,210,187,187,10
110,7.01312E+32,37,4,222,206,206,5
110,6.56903E+32,37,4,189,183,183,14
110,7.7888E+32,37,4,159,154,154,5
110,9.96831E+32,37,4,179,175,175,8
110,1.03957E+33,37,4,174,159,159,13
110,6.93205E+32,37,4,198,188,188,15
110,7.00323E+32,37,4,187,160,160,21
110,7.48019E+32,37,4,211,207,207,35
110,8.72255E+32,37,4,159,156,156,11
110,7.19668E+32,37,4,177,167,167,9
110,8.97813E+32,37,4,337,335,335,183
110,1.14649E+33,37,4,207,201,201,18
110,7.26968E+32,37,4,197,192,192,19
110,7.37995E+32,37,4,226,206,206,25
110,7.71304E+32,37,4,142,134,134,4
110,1.03533E+33,37,4,176,143,143,4
110,1.26112E+33,37,4,166,163,163,3
110,6.69486E+32,37,4,167,147,147,26
110,6.8063E+32,37,4,282,277,277,43
110,8.77628E+32,37,4,182,166,166,13
110,1.18961E+33,37,4,195,185,185,2
110,9.34327E+32,37,4,242,221,221,15
110,8.92586E+32,37,4,213,182,182,4
110,9.55145E+32,37,4,199,190,190,99
110,9.05152E+32,37,4,197,196,196,10
110,1.01681E+33,37,4,192,165,165,4
110,8.47762E+32,37,4,164,159,159,7
110,9.01483E+32,37,4,159,157,157,3
110,6.99453E+32,37,4,234,218,218,19
110,7.09149E+32,37,4,173,171,171,2
110,7.04352E+32,37,4,325,310,310,63
110,9.1343E+32,37,4,162,133,133,4
110,7.60723E+32,37,4,211,207,207,43
110,9.31194E+32,37,4,185,173,173,8
110,7.55577E+32,37,4,230,228,228,8
110,8.35494E+32,37,4,248,237,237,17
110,6.90844E+32,37,4,193,164,164,5
110,7.84635E+32,37,4,199,165,165,18
110,7.85631E+32,37,4,216,214,214,6
110,6.73075E+32,37,4,245,236,236,8
110,9.54622E+32,37,4,149,142,142,5
110,8.43902E+32,37,4,172,162,162,35
110,8.80602E+32,37,4,155,148,148,8
110,7.07574E+32,37,4,228,206,206,24
110,9.09621E+32,37,4,175,168,168,6
110,1.19228E+33,37,4,200,195,195,62
110,8.80486E+32,37,4,147,123,123,8
110,8.58857E+32,37,4,202,199,199,9
110,7.83785E+32,37,4,208,158,158,4
110,7.02149E+32,37,4,200,196,196,26
110,1.06771E+33,37,4,202,199,199,28
110,7.05892E+32,37,4,191,188,188,23
110,6.7839E+32,37,4,323,322,322,71
110,7.32295E+32,37,4,262,261,261,17
120,1.10247E+36,40,4,170,154,154,19
120,8.19872E+35,40,4,231,207,207,16
120,9.5789E+35,40,4,229,204,204,12
120,9.03228E+35,40,4,232,231,231,5
120,1.16043E+36,40,4,331,330,330,42
120,1.04587E+36,40,4,194,179,179,5
120,9.51028E+35,40,4,214,199,199,5
120,7.19338E+35,40,4,186,165,165,20
120,9.8252E+35,40,4,197,186,186,38
120,1.04471E+36,40,4,216,204,204,8
120,7.11382E+35,40,4,245,238,238,5
120,9.9393E+35,40,4,240,236,236,4
120,9.01206E+35,40,4,174,168,168,8
120,8.12899E+35,40,4,209,208,208,6
120,7.64549E+35,40,4,313,311,311,32
120,9.89025E+35,40,4,255,250,250,27
120,7.46844E+35,40,4,187,185,185,36
120,6.73321E+35,40,4,308,266,266,14
120,7.68693E+35,40,4,205,203,203,10
120,7.08946E+35,40,4,174,163,163,2
120,7.70869E+35,40,4,249,241,241,15
120,8.1278E+35,40,4,234,223,223,70
120,1.14347E+36,40,4,306,287,287,14
120,7.94715E+35,40,4,242,224,224,27
120,9.28735E+35,40,4,222,221,221,14
120,8.95601E+35,40,4,221,220,220,40
120,7.43206E+35,40,4,203,190,190,7
120,8.72357E+35,40,4,206,189,189,4
120,8.28683E+35,40,4,165,156,156,5
120,6.71167E+35,40,4,274,271,271,30
120,1.12296E+36,40,4,274,250,250,44
120,7.74214E+35,40,4,190,172,172,2
120,6.78441E+35,40,4,162,159,159,16
120,7.33263E+35,40,4,198,181,181,15
120,8.81746E+35,40,4,205,187,187,3
120,8.62781E+35,40,4,352,342,342,4
120,9.37406E+35,40,4,262,261,261,17
120,6.85771E+35,40,4,182,160,160,3
120,8.40218E+35,40,4,206,189,189,19
120,7.978E+35,40,4,276,253,253,10
120,7.64304E+35,40,4,202,192,192,12
120,1.14281E+36,40,4,236,232,232,12
120,8.66593E+35,40,4,200,199,199,126
120,8.20089E+35,40,4,200,196,196,33
120,8.12371E+35,40,4,159,152,152,7
120,7.85328E+35,40,4,193,191,191,6
120,7.77053E+35,40,4,203,200,200,65
120,8.666E+35,40,4,200,198,198,13
120,1.08504E+36,40,4,218,194,194,10
120,1.13637E+36,40,4,255,250,250,34
120,9.20619E+35,40,4,219,216,216,4
120,8.29669E+35,40,4,227,222,222,14
120,8.9368E+35,40,4,179,164,164,4
120,6.77731E+35,40,4,247,245,245,29
120,9.47832E+35,40,4,231,226,226,58
120,8.31468E+35,40,4,211,202,202,120
120,9.67789E+35,40,4,205,195,195,86
120,8.2223E+35,40,4,177,174,174,6
120,6.65839E+35,40,4,210,208,208,42
120,6.67231E+35,40,4,184,168,168,5
120,7.43249E+35,40,4,323,321,321,4
120,7.60892E+35,40,4,208,199,199,16
120,7.26234E+35,40,4,174,173,173,21
120,9.11178E+35,40,4,193,176,178,17
120,7.40049E+35,40,4,166,152,152,3
120,1.13499E+36,40,4,187,184,184,19
120,8.97125E+35,40,4,194,168,168,9
120,7.89644E+35,40,4,260,248,248,19
120,7.23144E+35,40,4,164,153,153,15
120,7.78792E+35,40,4,198,193,193,9
120,9.34E+35,40,4,186,168,168,34
120,1.00417E+36,40,4,154,148,148,4
120,1.14003E+36,40,4,291,286,286,32
120,9.08213E+35,40,4,245,219,219,3
120,7.58949E+35,40,4,366,361,361,36
120,1.19818E+36,40,4,293,285,285,5
120,6.70633E+35,40,4,208,176,176,27
120,1.09534E+36,40,4,211,178,178,18
120,8.06885E+35,40,4,262,244,244,11
120,1.10078E+36,40,4,181,167,167,14
120,6.82589E+35,40,4,224,210,210,14
120,9.5978E+35,40,4,184,169,169,15
120,1.00447E+36,40,4,191,184,184,12
120,1.12682E+36,40,4,376,359,359,46
120,7.98105E+35,40,4,241,232,232,7
120,1.0451E+36,40,4,179,167,167,68
120,8.08774E+35,40,4,257,219,219,4
120,7.96436E+35,40,4,188,183,183,4
120,7.12872E+35,40,4,289,285,285,30
120,8.00531E+35,40,4,191,190,190,55
120,8.25524E+35,40,4,219,210,210,38
120,9.30828E+35,40,4,178,175,175,7
120,9.19476E+35,40,4,194,179,179,4
120,9.88928E+35,40,4,245,223,223,7
120,8.75576E+35,40,4,184,168,168,14
120,7.3443E+35,40,4,215,207,207,16
120,6.90384E+35,40,4,208,170,170,8
120,1.12833E+36,40,4,181,179,179,5
120,8.63805E+35,40,4,189,187,187,4
120,8.15538E+35,40,4,301,300,300,52
