bit_length,semiprime,lattice_dimension,precision_parameter,babais_approximation_distance,refined_approximation_distance,enum_distance,iterations
20,757117,5,4,159,150,150,2
20,604963,5,4,121,108,108,0
20,739597,5,4,86,74,74,1
20,567109,5,4,105,103,103,2
20,928567,5,4,154,126,126,1
20,786143,5,4,79,78,78,0
20,770977,5,4,189,177,177,0
20,607559,5,4,110,90,90,0
20,621793,5,4,181,169,169,1
20,614777,5,4,99,79,79,1
20,789499,5,4,157,127,127,0
20,581671,5,4,136,126,126,7
20,552533,5,4,110,82,82,1
20,818537,5,4,103,85,85,1
20,866731,5,4,131,127,127,1
20,732857,5,4,196,151,151,4
20,579419,5,4,142,118,118,1
20,744193,5,4,118,114,114,1
20,595489,5,4,93,82,82,1
20,757759,5,4,91,90,90,1
20,765481,5,4,90,86,86,0
20,696191,5,4,121,111,111,1
20,538843,5,4,86,85,85,0
20,850441,5,4,90,82,82,1
20,607027,5,4,109,93,93,0
20,625249,5,4,116,112,112,2
20,884893,5,4,182,166,166,1
20,545869,5,4,146,94,94,1
20,870293,5,4,126,111,111,2
20,650791,5,4,149,142,142,1
20,680957,5,4,115,97,97,1
20,706939,5,4,135,127,127,0
20,532799,5,4,148,147,147,0
20,726217,5,4,82,74,74,1
20,686821,5,4,158,151,151,0
20,793097,5,4,149,139,139,12
20,539377,5,4,143,126,126,4
20,710387,5,4,192,130,130,1
20,663193,5,4,133,130,130,2
20,644773,5,4,171,133,133,1
20,626737,5,4,106,105,105,0
20,555889,5,4,145,70,70,0
20,614039,5,4,122,116,116,7
20,560267,5,4,121,109,109,0
20,671521,5,4,139,135,135,0
20,642703,5,4,126,107,107,0
20,527027,5,4,106,104,104,0
20,816281,5,4,142,119,119,0
20,693347,5,4,126,119,119,0
20,701111,5,4,110,107,107,1
20,576871,5,4,122,90,90,6
20,558487,5,4,137,118,118,0
20,600757,5,4,156,150,150,1
20,555911,5,4,151,113,113,0
20,612413,5,4,90,82,82,0
20,621793,5,4,158,151,151,0
20,623377,5,4,114,103,103,5
20,659293,5,4,125,103,103,2
20,769277,5,4,154,149,149,0
20,656743,5,4,165,142,142,12
20,845311,5,4,158,123,123,18
20,857729,5,4,117,105,105,1
20,703253,5,4,146,101,101,2
20,783907,5,4,103,93,93,1
20,681157,5,4,153,145,145,2
20,612463,5,4,82,81,81,0
20,671521,5,4,118,115,115,1
20,596867,5,4,164,127,127,2
20,551687,5,4,163,145,145,2
20,570319,5,4,120,94,94,11
20,577943,5,4,117,110,110,0
20,671311,5,4,130,100,100,1
20,830653,5,4,178,154,154,0
20,664831,5,4,155,146,146,0
20,619747,5,4,95,93,93,2
20,799261,5,4,110,98,98,0
20,532339,5,4,145,95,95,2
20,681157,5,4,153,145,145,1
20,596639,5,4,134,79,79,2
20,668197,5,4,115,88,88,1
20,789827,5,4,130,112,112,0
20,886139,5,4,145,134,134,3
20,607027,5,4,109,93,93,1
20,646769,5,4,111,98,98,1
20,842603,5,4,133,120,120,3
20,553387,5,4,117,114,114,2
20,557393,5,4,159,146,146,5
20,614987,5,4,117,106,106,3
20,567109,5,4,126,112,112,3
20,926047,5,4,117,101,101,0
20,702157,5,4,185,127,127,10
20,774899,5,4,150,141,141,2
20,670273,5,4,155,119,119,4
20,529651,5,4,139,137,137,0
20,525341,5,4,139,138,138,0
20,625249,5,4,142,116,116,0
20,854941,5,4,147,125,125,0
20,637253,5,4,140,137,137,0
20,567629,5,4,145,132,132,1
20,619747,5,4,140,126,126,0
30,582020701,8,4,85,80,80,6
30,602836699,8,4,69,55,55,0
30,586661501,8,4,93,91,91,0
30,548331857,8,4,106,94,94,5
30,556348697,8,4,94,93,93,1
30,763087837,8,4,122,120,120,1
30,611931259,8,4,80,77,77,0
30,1035407239,8,4,90,85,85,0
30,558602521,8,4,79,65,65,2
30,910438121,8,4,96,72,72,13
30,932901811,8,4,100,94,94,0
30,599118293,8,4,62,61,61,1
30,610153433,8,4,83,81,81,1
30,666504217,8,4,110,98,98,4
30,741069991,8,4,96,94,94,9
30,720664199,8,4,88,87,87,13
30,872007623,8,4,61,60,60,0
30,720598393,8,4,91,73,73,3
30,775056941,8,4,92,74,74,5
30,897953891,8,4,105,81,81,7
30,903484331,8,4,105,88,88,1
30,553914577,8,4,75,69,69,0
30,963105349,8,4,122,99,99,0
30,731051813,8,4,91,77,77,3
30,718614859,8,4,99,92,92,1
30,772571957,8,4,82,79,79,20
30,665370547,8,4,89,70,70,0
30,701909357,8,4,80,79,79,5
30,554900789,8,4,117,83,83,3
30,560997863,8,4,86,84,84,0
30,720731239,8,4,102,83,83,1
30,851863379,8,4,95,74,74,11
30,823222031,8,4,125,118,118,1
30,944367661,8,4,93,84,84,1
30,593774231,8,4,83,82,82,0
30,560311261,8,4,86,58,58,9
30,557753389,8,4,87,79,79,2
30,625626931,8,4,91,74,74,12
30,558341071,8,4,101,87,87,8
30,575078741,8,4,106,86,86,1
30,624048437,8,4,95,76,76,2
30,685257889,8,4,98,82,82,0
30,816936677,8,4,115,112,112,4
30,1047507089,8,4,106,90,90,5
30,568841347,8,4,114,91,91,9
30,592916923,8,4,79,71,71,1
30,610160531,8,4,75,74,74,1
30,777624121,8,4,90,67,67,6
30,577405007,8,4,86,71,71,0
30,609236209,8,4,91,79,79,19
30,822366371,8,4,94,84,84,1
30,701681971,8,4,83,79,79,1
30,913261849,8,4,82,79,79,11
30,951006491,8,4,86,79,79,5
30,575474161,8,4,105,94,94,0
30,612111559,8,4,89,86,86,1
30,799736521,8,4,83,77,77,1
30,734611373,8,4,82,78,78,2
30,610178819,8,4,84,81,81,2
30,945847757,8,4,98,60,60,1
30,706623713,8,4,89,74,74,1
30,705549379,8,4,99,89,89,11
30,546303151,8,4,70,68,68,6
30,687172631,8,4,93,85,85,2
30,539620651,8,4,98,79,79,1
30,695565239,8,4,96,83,83,0
30,750120997,8,4,100,95,95,0
30,562599313,8,4,94,82,82,2
30,721254871,8,4,132,125,125,2
30,919527197,8,4,81,79,79,1
30,746081891,8,4,102,95,95,2
30,633153541,8,4,106,104,104,1
30,830170291,8,4,143,135,135,1
30,868583333,8,4,97,91,91,3
30,600552721,8,4,83,75,75,3
30,552782171,8,4,91,77,77,0
30,753924151,8,4,80,74,74,3
30,730740973,8,4,82,71,71,2
30,597496877,8,4,103,82,82,1
30,555267949,8,4,90,75,75,2
30,708693017,8,4,103,93,93,0
30,616496521,8,4,90,70,70,6
30,566872403,8,4,73,67,67,0
30,658417379,8,4,95,69,69,0
30,554049059,8,4,92,74,74,0
30,604824697,8,4,89,81,81,0
30,642868529,8,4,111,110,110,0
30,778611467,8,4,87,70,70,1
30,687623117,8,4,87,80,80,4
30,722617939,8,4,107,104,104,3
30,668908447,8,4,85,69,69,2
30,697621867,8,4,90,80,80,0
30,589107401,8,4,86,67,67,0
30,655125661,8,4,98,70,70,2
30,671903027,8,4,83,74,74,2
30,612381373,8,4,100,87,87,5
30,750186103,8,4,91,86,86,4
30,761245117,8,4,75,64,64,1
30,935660629,8,4,91,83,83,1
30,884138509,8,4,88,65,65,0
40,691071920261,10,4,110,109,109,2
40,563230750673,10,4,99,97,97,5
40,705066459079,10,4,121,118,118,1
40,583172825959,10,4,106,95,95,0
40,670236397189,10,4,119,118,118,2
40,559584867899,10,4,111,90,90,3
40,575963404297,10,4,84,76,76,1
40,724561956649,10,4,117,99,99,2
40,637029806389,10,4,87,74,74,0
40,849669685237,10,4,83,76,76,1
40,705229592443,10,4,101,96,96,15
40,659523847621,10,4,100,71,71,0
40,756659615249,10,4,94,92,92,0
40,644560061909,10,4,128,119,119,3
40,735771034993,10,4,127,86,86,2
40,625188181841,10,4,112,105,105,6
40,674400219347,10,4,91,90,90,1
40,663380936191,10,4,93,88,88,1
40,588045379879,10,4,118,93,93,2
40,624964134161,10,4,95,87,87,1
40,838672313447,10,4,86,77,77,2
40,603312088417,10,4,109,108,108,15
40,732415916819,10,4,118,116,116,3
40,571724538773,10,4,98,91,91,5
40,746874582131,10,4,109,82,82,1
40,628364344753,10,4,86,85,85,2
40,879808414007,10,4,135,130,130,0
40,666934285427,10,4,130,111,111,3
40,624588447157,10,4,106,104,104,6
40,584235009341,10,4,110,90,90,7
40,813161546557,10,4,136,135,135,3
40,707196031637,10,4,142,124,124,5
40,672697696667,10,4,132,119,119,6
40,896504394199,10,4,113,92,92,3
40,707620396033,10,4,95,92,92,1
40,673108515899,10,4,124,122,122,9
40,894626082113,10,4,107,101,101,0
40,563813923429,10,4,116,108,108,0
40,649330306943,10,4,106,87,87,0
40,630932954983,10,4,154,147,147,8
40,768512994811,10,4,94,63,63,8
40,672055694941,10,4,68,67,67,5
40,830643317323,10,4,104,103,103,1
40,855663839903,10,4,143,141,141,3
40,690824381119,10,4,102,90,90,2
40,614328620359,10,4,111,106,106,7
40,725468805949,10,4,124,97,97,1
40,836260121869,10,4,136,130,130,2
40,702541928941,10,4,88,76,76,1
40,704350308941,10,4,118,116,116,13
40,997069891117,10,4,85,75,75,3
40,644875192693,10,4,91,89,89,1
40,649369005983,10,4,153,151,151,1
40,672737352379,10,4,100,72,72,0
40,620024496001,10,4,106,92,92,1
40,692346297161,10,4,116,105,105,10
40,582429817829,10,4,101,91,91,13
40,567169157389,10,4,99,91,91,0
40,605206619287,10,4,87,85,85,8
40,564326757077,10,4,121,106,106,2
40,777485588689,10,4,95,64,64,3
40,903995880839,10,4,110,93,93,0
40,612955168117,10,4,120,111,111,0
40,576794086223,10,4,99,93,93,3
40,925548868073,10,4,119,115,115,0
40,793850182549,10,4,116,115,115,4
40,844735225427,10,4,149,136,136,17
40,612643417093,10,4,134,130,130,2
40,629892505171,10,4,103,68,68,12
40,909820328491,10,4,108,91,91,1
40,624204979319,10,4,87,84,84,2
40,857337700873,10,4,120,110,110,10
40,598040870929,10,4,148,145,145,1
40,556100189137,10,4,115,104,104,2
40,959838338791,10,4,134,109,109,18
40,711623586503,10,4,110,102,102,9
40,587184731981,10,4,93,89,89,4
40,652306899641,10,4,105,103,103,5
40,582990160163,10,4,111,109,109,9
40,833891338139,10,4,93,91,91,2
40,638631268229,10,4,114,112,112,1
40,556413115597,10,4,140,127,127,4
40,679798555999,10,4,112,108,108,1
40,643455468449,10,4,117,113,113,3
40,798946129697,10,4,127,117,117,1
40,577033326923,10,4,93,92,92,4
40,606165382391,10,4,146,103,103,1
40,553864998469,10,4,103,91,91,1
40,673351084727,10,4,125,115,115,10
40,897963703711,10,4,113,110,110,1
40,601497922027,10,4,112,107,107,9
40,617918554177,10,4,98,89,89,1
40,570150312889,10,4,95,88,88,18
40,596911642193,10,4,103,85,85,66
40,569999875153,10,4,114,87,87,0
40,941307607607,10,4,112,83,83,1
40,720994604381,10,4,88,81,81,2
40,939758667733,10,4,106,94,94,1
40,575837647663,10,4,132,131,131,7
40,768958966999,10,4,139,136,136,0
50,812975466986987,13,4,142,131,131,7
50,625887242771233,13,4,124,119,119,1
50,822696347254193,13,4,108,106,106,17
50,793874402103577,13,4,106,99,99,5
50,586114534710851,13,4,92,91,91,5
50,868504443519233,13,4,143,111,111,14
50,811178082578701,13,4,106,91,91,8
50,957265602520477,13,4,146,139,139,4
50,708686911854773,13,4,110,106,106,3
50,658185438627427,13,4,113,108,108,19
50,928043305623743,13,4,112,99,99,3
50,965263874141519,13,4,125,106,106,18
50,706975220164957,13,4,108,103,103,2
50,756367255938449,13,4,112,108,108,1
50,603306268570273,13,4,133,120,120,11
50,899458916564921,13,4,113,98,98,1
50,753912785338663,13,4,131,127,127,2
50,603058909672711,13,4,206,202,202,15
50,1030319442474919,13,4,95,94,94,1
50,657999277870133,13,4,99,92,92,2
50,804530982558067,13,4,110,104,104,4
50,651608098411027,13,4,105,95,95,0
50,573631389294233,13,4,112,105,105,1
50,983029730013743,13,4,129,126,126,5
50,832429095832937,13,4,118,110,110,3
50,1028447850634129,13,4,152,146,146,3
50,638595639157703,13,4,102,98,98,10
50,766495684597037,13,4,114,112,112,8
50,767965126649107,13,4,122,119,119,6
50,811233370773223,13,4,116,112,112,11
50,847179664984907,13,4,131,117,117,4
50,898121333471749,13,4,133,132,132,4
50,822433557130457,13,4,102,97,97,4
50,612276745098847,13,4,134,128,128,1
50,826846151674157,13,4,129,115,115,8
50,840764103782651,13,4,132,111,111,5
50,649651036929133,13,4,113,111,111,10
50,728424670353707,13,4,116,95,95,1
50,832563716444617,13,4,154,152,152,6
50,973648851896449,13,4,171,154,154,7
50,563970755123161,13,4,110,107,107,2
50,836254042992293,13,4,110,94,94,3
50,574135741620821,13,4,122,90,90,31
50,711653248864213,13,4,134,123,123,11
50,584596869389101,13,4,123,101,101,2
50,639157540392971,13,4,159,156,156,18
50,1009694548630039,13,4,111,100,100,1
50,767040611814319,13,4,112,110,110,4
50,590888988132451,13,4,99,93,93,5
50,663706563062597,13,4,147,139,139,9
50,632809740390137,13,4,82,79,79,3
50,769656184229467,13,4,119,118,118,3
50,726778224822739,13,4,111,88,88,0
50,588562108048067,13,4,100,99,99,1
50,764283043270843,13,4,124,105,105,3
50,710508010121197,13,4,114,109,109,1
50,780336238476127,13,4,95,90,90,2
50,800701621899269,13,4,98,92,92,10
50,647726848483487,13,4,123,122,122,4
50,988462647458537,13,4,105,103,103,8
50,608040188762999,13,4,94,86,86,1
50,1020295405949923,13,4,99,94,94,4
50,652444382622037,13,4,84,80,80,2
50,690549870041359,13,4,76,72,72,1
50,573138411619447,13,4,108,107,107,5
50,665082169410341,13,4,119,114,114,1
50,676418985103643,13,4,102,93,93,2
50,861894965683919,13,4,113,106,106,8
50,925311723559213,13,4,111,98,98,1
50,710048332430251,13,4,147,99,99,2
50,731149459983847,13,4,119,103,103,1
50,924176847743887,13,4,111,109,109,3
50,635481828961471,13,4,117,102,102,2
50,569764534066001,13,4,123,94,94,5
50,694352248094201,13,4,118,96,96,35
50,616003122783161,13,4,102,95,95,1
50,739597404595793,13,4,100,87,87,5
50,832003346269993,13,4,136,103,103,3
50,649304928665539,13,4,140,128,128,13
50,819791186299013,13,4,126,110,110,1
50,619843583185319,13,4,115,98,98,15
50,564054676117133,13,4,176,173,173,3
50,1047340933350553,13,4,82,81,81,5
50,901015423951457,13,4,164,163,163,4
50,613991169042187,13,4,130,123,123,3
50,704753998196587,13,4,129,102,102,7
50,806680239718291,13,4,152,143,143,4
50,838419724395119,13,4,111,85,85,1
50,575385546076241,13,4,116,112,112,2
50,575572186161367,13,4,151,139,139,13
50,630705085178561,13,4,146,137,137,2
50,626023398078107,13,4,111,100,100,3
50,641434511361437,13,4,92,91,91,6
50,638855595152153,13,4,145,118,118,2
50,846524124838229,13,4,111,108,108,1
50,724036820533693,13,4,115,110,110,6
50,910997581896013,13,4,120,111,111,7
50,605880592951093,13,4,131,115,115,3
50,625350275258999,13,4,117,114,114,1
50,1049839633358017,13,4,76,69,69,11
60,908542595390080253,15,4,161,157,157,7
60,776095615306419043,15,4,107,100,100,3
60,599913190451119381,15,4,126,106,106,2
60,600398231569522297,15,4,120,119,119,3
60,724433439631018279,15,4,91,88,88,8
60,761597333011380083,15,4,150,131,131,6
60,705435935442424297,15,4,141,140,140,2
60,898085212541519941,15,4,130,122,122,13
60,658478446398958169,15,4,190,185,185,4
60,803814080569409383,15,4,159,153,153,9
60,782651258227211069,15,4,146,143,143,10
60,946708973293727129,15,4,143,121,121,6
60,614692033567667681,15,4,160,148,148,1
60,887820506589040109,15,4,111,108,108,4
60,730022692447218151,15,4,97,88,88,2
60,618291712523102767,15,4,119,118,118,4
60,767808461516616203,15,4,143,129,129,1
60,705265805154979531,15,4,128,126,126,1
60,794754806887041041,15,4,173,169,169,4
60,691480406740856149,15,4,151,144,144,2
60,681066283903514897,15,4,165,131,131,7
60,787250934834852959,15,4,145,140,140,4
60,585595667927852063,15,4,147,139,139,3
60,662938942144175239,15,4,139,134,134,5
60,663422704813832311,15,4,143,132,132,20
60,849390668330091623,15,4,272,242,242,4
60,903291306211137037,15,4,101,100,100,2
60,958867348484067509,15,4,121,110,110,9
60,641192469219931379,15,4,134,116,116,10
60,764800138326198473,15,4,149,139,139,16
60,639770473818751589,15,4,145,123,123,1
60,664570531482800017,15,4,146,142,142,10
60,769696766291226931,15,4,143,138,138,0
60,583720318491579391,15,4,119,116,116,3
60,772130001016677427,15,4,136,110,110,20
60,711737298837149863,15,4,217,195,195,52
60,611710112646705269,15,4,134,120,120,2
60,866571945986110997,15,4,147,140,140,3
60,677618777916146707,15,4,147,138,138,12
60,610652179441120067,15,4,119,113,113,1
60,823309585447897441,15,4,159,150,150,8
60,729703748444483399,15,4,127,117,117,14
60,634268613833713681,15,4,142,104,104,13
60,879930733109326043,15,4,156,148,148,14
60,897685685141483923,15,4,123,114,114,3
60,687830748840527431,15,4,138,134,134,0
60,696217989775256731,15,4,140,135,135,2
60,721872363624111703,15,4,129,125,125,1
60,689140619437415107,15,4,116,110,110,2
60,903903665294720549,15,4,115,105,105,3
60,775814420617728731,15,4,156,145,145,3
60,1002219425477608277,15,4,149,147,147,1
60,687652252788011351,15,4,117,111,111,3
60,681465272103840187,15,4,111,102,102,1
60,768267035792106091,15,4,147,135,135,5
60,620193201797342543,15,4,147,146,146,16
60,617628498049187687,15,4,122,102,102,3
60,810336877255512697,15,4,128,124,124,4
60,764348827140027491,15,4,131,120,120,36
60,666245753866172047,15,4,199,179,179,4
60,646388349700595207,15,4,208,196,196,14
60,869795641682856827,15,4,135,130,130,2
60,807624583698580787,15,4,166,165,165,0
60,847448990005055897,15,4,131,100,100,7
60,822161708560688651,15,4,128,112,112,1
60,890800494812394451,15,4,145,123,123,2
60,656987663593200361,15,4,136,131,131,51
60,590507088123464861,15,4,155,142,142,8
60,936962864679395963,15,4,100,98,98,2
60,713615392177643707,15,4,157,137,137,3
60,772707279627162827,15,4,117,107,107,1
60,678990517836244151,15,4,154,142,142,4
60,809883536098888681,15,4,132,108,108,1
60,1032043551810942389,15,4,113,100,100,3
60,954143383262885201,15,4,138,124,124,5
60,685666503734117639,15,4,136,134,134,3
60,621413223978037849,15,4,141,137,137,1
60,628635204583245133,15,4,144,122,122,5
60,587420743222195499,15,4,106,104,104,12
60,678982617393072191,15,4,128,110,110,5
60,843669968910132977,15,4,107,86,86,1
60,708015469138339519,15,4,94,87,87,3
60,1072458000961844663,15,4,181,157,157,12
60,718607059033573607,15,4,152,147,147,22
60,913476015812955053,15,4,127,121,121,22
60,832530824836356293,15,4,103,95,95,1
60,686901779302147861,15,4,134,123,123,84
60,660524815511470153,15,4,132,124,124,3
60,744410335389473329,15,4,120,119,119,3
60,672052856346125381,15,4,139,135,135,3
60,731796469222976351,15,4,150,140,140,19
60,749492431484113327,15,4,159,150,150,3
60,598937044670413727,15,4,131,127,127,1
60,584022739064619691,15,4,133,128,128,1
60,814093846087295041,15,4,132,109,109,10
60,889796553308119621,15,4,136,122,122,21
60,737061151574027843,15,4,152,129,129,11
60,734334109577079787,15,4,146,123,123,2
60,645372528615720761,15,4,99,91,91,2
60,729097334476367411,15,4,156,148,148,2
70,1008539740588778096591,18,4,147,146,146,19
70,1115965428828047738321,18,4,155,144,144,17
70,684636236558450280851,18,4,142,117,117,3
70,811215553804173763871,18,4,150,143,143,12
70,652593520829525879129,18,4,154,132,132,9
70,746574724660931473249,18,4,152,140,140,2
70,763658630325174851551,18,4,134,132,132,1
70,858039481673995868201,18,4,156,144,144,22
70,590419092964203886277,18,4,198,191,191,2
70,1016249934562138186657,18,4,133,130,130,59
70,961766049145156478057,18,4,138,132,132,2
70,807439640403190794523,18,4,140,137,137,8
70,778042092298334000923,18,4,131,127,127,5
70,596294899106620468217,18,4,126,124,124,2
70,604042054606216910821,18,4,195,184,184,3
70,647801537077849134713,18,4,142,140,140,2
70,622367939068513278197,18,4,184,172,172,2
70,969284721409647086011,18,4,174,172,172,2
70,650298464712792599531,18,4,183,179,179,4
70,745606256249291932897,18,4,129,127,127,0
70,781948267416817880801,18,4,107,102,102,21
70,918044415894598619447,18,4,160,150,150,21
70,1012705816177217595341,18,4,298,284,284,31
70,713635180578348317587,18,4,158,124,124,18
70,667201811756163105509,18,4,145,138,138,6
70,919993099369875966797,18,4,157,132,132,8
70,639107688399641671183,18,4,152,123,123,4
70,693394991985167778179,18,4,156,145,145,1
70,897319635579951560281,18,4,129,110,110,5
70,684833540868873399079,18,4,145,140,140,12
70,730489294409638427161,18,4,110,101,101,2
70,808275157459940071507,18,4,132,126,126,3
70,722007291535887521389,18,4,156,128,128,35
70,637264135170516449221,18,4,177,156,156,5
70,1004692373623199047867,18,4,132,130,130,10
70,815525566728799801153,18,4,175,158,158,14
70,645755912137218210673,18,4,133,127,127,0
70,706503371985902024563,18,4,141,137,137,6
70,958863489834472968289,18,4,124,108,108,12
70,916967041832161040179,18,4,172,155,155,4
70,622803341413512925697,18,4,119,114,114,13
70,810871011883648832093,18,4,143,137,137,8
70,632754116007561851911,18,4,207,199,199,3
70,1169011761513094370483,18,4,179,171,171,19
70,690897860625820199167,18,4,136,133,133,17
70,792713961140769550409,18,4,151,139,139,5
70,695608326775387950187,18,4,163,136,136,3
70,743038217094689399771,18,4,183,157,157,5
70,861853390397603598409,18,4,134,130,130,4
70,800151501009297692291,18,4,130,120,120,3
70,607579431712903682551,18,4,137,113,113,12
70,637718698070219694077,18,4,118,109,109,8
70,903392146832696346487,18,4,172,148,148,33
70,717592111849467663703,18,4,161,151,151,28
70,896688296829205714957,18,4,124,123,123,20
70,616140430870700203553,18,4,255,250,250,1
70,871727794509697168969,18,4,146,144,144,13
70,683441820114672244877,18,4,148,143,143,5
70,853115725891352600507,18,4,155,141,141,19
70,908691910281346306541,18,4,115,108,108,13
70,737014979428511690591,18,4,167,163,163,1
70,691923327134095501729,18,4,113,100,100,15
70,717557791412755026827,18,4,188,168,168,15
70,883962294558591448969,18,4,147,136,136,16
70,856797549979924676467,18,4,169,164,164,4
70,1015189284223875530701,18,4,169,165,165,4
70,1078818372959264021237,18,4,164,155,155,5
70,1061063425838916250999,18,4,196,194,194,50
70,901019642706007198237,18,4,193,176,176,4
70,680475692540770559689,18,4,157,143,143,13
70,1013001828541630624927,18,4,139,129,129,1
70,655486083780764089363,18,4,147,136,136,2
70,706655519477256145033,18,4,150,149,149,11
70,690122396319247380589,18,4,142,138,138,14
70,684520602254858580553,18,4,139,136,136,7
70,773806386223658349169,18,4,138,132,132,9
70,997320349138435251593,18,4,143,130,130,8
70,683567987262391743623,18,4,131,102,102,1
70,659123880661850809787,18,4,158,138,138,17
70,823537175446999228951,18,4,146,138,138,15
70,646954619052201819091,18,4,117,116,116,0
70,706672046379925656607,18,4,163,162,162,8
70,681764816986895885911,18,4,135,134,134,2
70,615561792758090134249,18,4,146,139,139,3
70,1022686507188184959877,18,4,146,143,143,5
70,753204660895663618337,18,4,155,144,144,3
70,604628477068248079087,18,4,147,143,143,2
70,874265565359701531483,18,4,173,155,155,3
70,649308846967994497343,18,4,112,106,106,5
70,755088650217228291011,18,4,155,149,149,6
70,626590389158857422353,18,4,106,104,104,15
70,640843277081753304737,18,4,126,118,118,2
70,855852779730208997483,18,4,137,129,129,4
70,601851659745242500967,18,4,122,100,100,1
70,659392497218803073731,18,4,155,140,140,16
70,736921190110843876373,18,4,196,179,179,17
70,807245264390035822679,18,4,161,153,153,22
70,677185015895596649893,18,4,119,115,115,12
70,842516147820468570091,18,4,146,140,140,2
70,881565561800085977687,18,4,120,119,119,3
80,687522661088232400320221,20,4,154,131,131,5
80,932568554060108044144183,20,4,186,169,169,3
80,899300893675890086051653,20,4,136,135,135,2
80,644312539861724732960441,20,4,120,98,98,11
80,673582963240656960000449,20,4,180,167,167,13
80,852980272738815466592107,20,4,188,178,178,18
80,757215427398405162238283,20,4,196,184,184,6
80,954588430852525565378929,20,4,308,295,295,149
80,822284692060312377498737,20,4,187,183,183,1
80,712117889971982604131227,20,4,173,146,146,35
80,681638334991069157844361,20,4,158,149,149,21
80,700048160083029268715531,20,4,255,243,243,36
80,813389355579080093836769,20,4,154,139,139,4
80,608898934471889761024813,20,4,158,155,155,4
80,754290334007696119185823,20,4,183,174,174,15
80,873281228574506367303613,20,4,177,165,165,3
80,619302869633212311916757,20,4,155,151,151,6
80,829977422990519177075501,20,4,156,116,116,18
80,805251985132208984003119,20,4,193,191,191,10
80,928702386527708282232959,20,4,174,169,169,1
80,971711451344599781662139,20,4,189,185,185,8
80,732390010959221575700897,20,4,213,196,196,7
80,863010373446496926128651,20,4,135,134,134,26
80,694657778556902813525599,20,4,138,133,133,13
80,806131924124343340373489,20,4,185,183,183,4
80,857542117739239504114493,20,4,154,145,145,3
80,983730406494337638857869,20,4,310,304,304,19
80,728836273543891247418331,20,4,267,258,258,4
80,674018128809012570131909,20,4,175,153,153,14
80,1103302789074888441135791,20,4,158,149,149,14
80,949802745774158784863603,20,4,164,157,157,4
80,861174247631116298879089,20,4,161,158,158,6
80,680459765572667361343861,20,4,231,223,223,12
80,678309193337621997794719,20,4,156,153,153,49
80,754896123256842644224361,20,4,183,166,166,7
80,836385071208034964875289,20,4,146,144,144,3
80,643783491515252706920189,20,4,151,146,146,13
80,801234593734509138471013,20,4,158,151,151,36
80,694919506250142085562963,20,4,208,192,192,35
80,726789048291660513643567,20,4,179,165,165,33
80,881488566699064781217931,20,4,151,149,149,4
80,648598762513224985878643,20,4,148,135,135,1
80,880669174953605391078689,20,4,146,138,138,6
80,961920624411388554938153,20,4,150,140,140,2
80,732834682784519227101877,20,4,155,152,152,3
80,876528704707830034513931,20,4,142,139,139,13
80,1127854292731101427030969,20,4,152,151,151,2
80,889137819782283883823519,20,4,266,256,256,75
80,759572354109637953990659,20,4,203,195,195,3
80,888764559373425813932561,20,4,273,267,267,13
80,959277690229306571752469,20,4,236,228,228,15
80,782108150537066629080829,20,4,161,160,160,1
80,988605730667368948236497,20,4,153,149,149,4
80,674926041959066179542823,20,4,167,162,162,11
80,684088915915859583468541,20,4,125,124,124,3
80,755280957647292177899051,20,4,187,185,185,10
80,606163235669495850325439,20,4,158,155,155,44
80,904942574182005263830819,20,4,166,158,158,5
80,651364523366307173280421,20,4,153,151,151,1
80,862003119498118149803473,20,4,142,128,128,3
80,706699670515540107986329,20,4,197,194,194,9
80,1182462018962038416824561,20,4,190,189,189,3
80,713139100343917496162971,20,4,131,128,128,2
80,624953920347582218404859,20,4,148,138,138,3
80,750845430164853330856807,20,4,146,137,137,5
80,645954185356758383692397,20,4,163,159,159,8
80,880811079910051902059527,20,4,160,155,155,7
80,779727426360334636574309,20,4,115,114,114,4
80,624317630247215534421229,20,4,195,179,179,20
80,734871273621893195494429,20,4,149,144,144,5
80,937146278364373137782153,20,4,165,151,151,2
80,895689530952989184532501,20,4,199,196,196,2
80,783460450597092234894817,20,4,171,156,156,6
80,811369863135218552395129,20,4,180,176,176,13
80,630115934905294157269361,20,4,139,132,132,11
80,830486718127015879804891,20,4,185,160,160,5
80,818958727483156431211199,20,4,224,210,210,7
80,718253462738659146146647,20,4,272,268,268,47
80,857799962476346257693961,20,4,123,116,116,6
80,902886314197123249127377,20,4,137,135,135,6
80,995720012630608499237677,20,4,169,161,161,54
80,805431650336575112875711,20,4,170,155,155,3
80,735903968643406653771671,20,4,168,158,158,2
80,1113922117076626171779953,20,4,144,123,123,11
80,704758345294073973908309,20,4,167,162,162,26
80,867549061802412606910841,20,4,145,136,136,1
80,616216499393913103741129,20,4,207,206,206,27
80,1151173639438101401525947,20,4,190,168,168,1
80,908083247264169389662969,20,4,246,244,244,12
80,899010677387088947194253,20,4,246,229,229,24
80,858524228432407796047483,20,4,149,146,146,6
80,757963469461981985075183,20,4,187,175,175,79
80,963539234501567447583089,20,4,129,125,125,8
80,866812475417896081281931,20,4,203,196,196,7
80,782222951368412579960527,20,4,146,139,139,80
80,720763920615356189122171,20,4,147,134,134,3
80,935875165747352081756489,20,4,148,147,147,19
80,977534138082596776707763,20,4,171,167,167,9
80,935629265699863124883539,20,4,169,167,167,1
80,644559656523810106058209,20,4,122,120,120,2
90,753621594933381060937444253,23,4,227,222,222,20
90,746536501335823051857803227,23,4,183,160,160,8
90,833114398882368558534010099,23,4,224,211,211,27
90,678672780227074858330309891,23,4,129,127,127,5
90,965908615901872773785533999,23,4,171,170,170,12
90,761111498385030850334732101,23,4,179,158,158,3
90,1060553183711504976182945051,23,4,269,255,255,47
90,887551373710731325964418241,23,4,190,187,187,14
90,967395513479561703542318119,23,4,194,189,189,1
90,1082683853510926686116942849,23,4,120,118,118,13
90,1073522654559677784413621251,23,4,153,149,149,21
90,1097760412970663408192312483,23,4,170,141,141,6
90,654253778759292425760547117,23,4,198,180,180,29
90,837604031336654001466320107,23,4,249,245,245,6
90,756197882939965199394979691,23,4,159,142,142,2
90,786433189674276704936144143,23,4,164,163,163,4
90,1013217883276976515065335383,23,4,198,197,197,8
90,1077684174622292732254947559,23,4,214,213,213,43
90,863901779951841650110361453,23,4,146,139,139,18
90,751379068634994446085650027,23,4,262,260,260,29
90,1117086163763961383139104719,23,4,188,156,156,13
90,1017184324405806480093271813,23,4,207,181,181,5
90,685607425864750667033849323,23,4,151,149,149,27
90,781930872860165571957505769,23,4,153,152,152,13
90,1094332710482499182896357397,23,4,160,155,155,7
90,869169579319033084251227491,23,4,195,179,179,68
90,1024970867458328526936823891,23,4,257,250,250,2
90,810623950415557356883395541,23,4,155,151,151,2
90,780260280766842041541297053,23,4,225,222,222,20
90,900794481378699470776529447,23,4,301,300,300,51
90,855242214700187397600639277,23,4,181,154,154,78
90,1026047185113260779684496821,23,4,230,225,225,9
90,678410671553711616292524691,23,4,204,195,195,2
90,759881867218062971606948459,23,4,215,191,191,1
90,970467488804215768783372339,23,4,191,179,179,20
90,622581851976880262859604427,23,4,182,173,173,13
90,941011024668166643827447939,23,4,241,231,231,8
90,623422957498167703702057517,23,4,188,172,172,1
90,933598487069005126508844347,23,4,230,223,223,19
90,645506980045056879966464089,23,4,173,172,172,26
90,701376874496257085039724709,23,4,187,180,180,5
90,815536398734038650408238273,23,4,163,162,162,3
90,668785544393649950859547273,23,4,172,168,168,9
90,635666658340421380765801361,23,4,150,146,146,20
90,749044919715147182623604891,23,4,155,152,152,13
90,1002787949561144161076229109,23,4,224,201,201,5
90,888971289780871961436010541,23,4,180,155,155,7
90,693686005348971277823534407,23,4,179,174,174,9
90,622456573124743632971252719,23,4,166,162,162,3
90,929000648517740234357611843,23,4,205,204,204,8
90,1100945881954633301092680011,23,4,212,205,205,65
90,677409920860120035257117557,23,4,196,184,184,17
90,764217333680697905680284779,23,4,177,175,175,10
90,967929969096817666215689701,23,4,177,157,157,57
90,917978056782653094664473347,23,4,175,169,169,7
90,1036496222382086918611391849,23,4,200,183,183,17
90,846538828368879159018847163,23,4,268,251,251,26
90,624954235922593402123939673,23,4,210,205,205,3
90,1090203270842282587030574921,23,4,197,190,190,30
90,961071017292307024049142589,23,4,179,171,171,12
90,699609357854418644617796639,23,4,195,193,193,6
90,720506783687086125494603959,23,4,258,253,253,6
90,694575427602990688646729741,23,4,139,134,134,2
90,858196515554186856523646371,23,4,148,147,147,4
90,698800175213547229852083349,23,4,206,180,180,22
90,790642995821418829634419477,23,4,230,229,229,7
90,835644185631137522985296711,23,4,217,207,207,9
90,702916351718361931690917431,23,4,175,169,169,10
90,633436866983213525255261353,23,4,148,147,147,12
90,708840884752020631899362279,23,4,172,165,165,26
90,791025606226291860856652599,23,4,153,145,145,2
90,973377730275005487772867273,23,4,165,164,164,4
90,731732498039289235901825857,23,4,171,169,169,50
90,666907270712905933049368517,23,4,219,213,213,26
90,721911867601256021984372657,23,4,178,158,158,2
90,787024495611065140839952471,23,4,213,210,210,22
90,858390744073861429661630443,23,4,170,164,164,4
90,661095433553628933796606841,23,4,160,151,151,11
90,776604571846199732424625957,23,4,249,240,240,15
90,746750129921964105030217919,23,4,175,145,145,3
90,624622892163972533289347863,23,4,155,152,152,8
90,999063100447525728982588987,23,4,219,195,195,14
90,781428058305852993337797239,23,4,159,158,158,2
90,818164668481545667953279617,23,4,184,183,183,18
90,992319837292482199971216679,23,4,189,177,177,5
90,830492957429603459037916007,23,4,167,163,163,19
90,687258371407530499159921109,23,4,188,178,178,1
90,801709588433346329232592081,23,4,165,154,154,3
90,697172399990963360674572223,23,4,192,189,189,6
90,1011866076452228841046014473,23,4,174,169,169,1
90,837123269419817995742877107,23,4,159,145,145,7
90,935474150444183921843146403,23,4,209,207,207,14
90,853978352390434577854099003,23,4,155,149,149,6
90,770278220700619152878004947,23,4,200,164,164,23
90,828139851363609492556446317,23,4,183,175,175,5
90,654637984019626508442986429,23,4,216,212,212,28
90,764823114461205683079688981,23,4,275,273,273,26
90,798359760135801345401351569,23,4,219,212,212,8
90,742210379415136099132681711,23,4,233,229,229,16
90,1102278568940457160104047347,23,4,158,155,155,4
100,770950430748675973745982290831,25,4,204,203,203,5
100,681752791618431298082590955909,25,4,159,142,142,4
100,949524394487724717499615193789,25,4,234,227,227,19
100,802611351874774648963705604351,25,4,175,166,166,13
100,693914526371375897552021568209,25,4,212,195,195,17
100,776727145246630988810160663239,25,4,255,250,250,3
100,814325981991142787044709451641,25,4,178,171,171,42
100,731410313996348001054538032137,25,4,201,195,195,3
100,794691442816476343360181757797,25,4,203,185,185,39
100,818946322863652786524520973567,25,4,173,168,168,24
100,777236399211844441726070509487,25,4,197,166,166,10
100,1008392805186717268091657894743,25,4,370,337,337,15
100,837464849329505703785519634029,25,4,223,219,219,48
100,1093952372207900215701766472933,25,4,228,219,219,20
100,888192548581566648039827944817,25,4,215,200,200,28
100,683487787917139182274069419509,25,4,164,163,163,34
100,1004167590699242450836711533029,25,4,289,271,271,2
100,971202835086820650127765432753,25,4,158,156,156,2
100,1021208421645950844693303292643,25,4,183,170,170,18
100,644178467548461368757167719397,25,4,245,241,241,2
100,773278681910126458824442214903,25,4,176,162,162,7
100,734912863341385892418790789169,25,4,278,272,272,5
100,854875268441596391155414355353,25,4,288,270,270,5
100,977438725615916597791304246891,25,4,224,209,209,34
100,742340693740581107665131830053,25,4,160,148,148,8
100,795833762331360499758097198711,25,4,167,165,165,6
100,913589168067112144693818877457,25,4,182,166,166,7
100,719460078572413130218049779687,25,4,405,376,376,5
100,1003764473439258466898449414841,25,4,194,178,178,19
100,834211528581877233037442310553,25,4,193,177,177,2
100,836999786834808701916689182051,25,4,188,167,167,6
100,1044545137688714899181510425141,25,4,194,180,180,11
100,1161353898076413484608169185371,25,4,203,180,180,10
100,922489060187080796237366469859,25,4,163,151,151,3
100,695250034091157097704580542361,25,4,199,195,195,10
100,806500015540087556562818092157,25,4,241,236,236,7
100,1039214794274943951507811971641,25,4,177,167,167,10
100,650354324341932927095730689011,25,4,188,179,179,4
100,956440622586754938453140913169,25,4,195,188,188,42
100,883456329036903727870300575197,25,4,159,155,155,12
100,797746877302579435177684429301,25,4,199,198,198,7
100,1053454790090074469545746203821,25,4,187,181,181,2
100,678382611659351320668133931363,25,4,214,207,207,21
100,860410238245887744012623401729,25,4,237,216,216,28
100,691260399256298809485849195443,25,4,188,169,169,12
100,738594994907567787304097844179,25,4,319,318,318,8
100,733364218821662070246440644999,25,4,179,157,157,5
100,883889088528627975853024043917,25,4,162,161,161,2
100,827878264578555337447030731523,25,4,194,186,186,5
100,870927569882187715139446132613,25,4,288,275,275,8
100,960946858988574911030498436623,25,4,178,164,164,4
100,838182094135600675889557667081,25,4,179,173,173,3
100,819472848803375481016904266943,25,4,189,179,179,2
100,1177830926282433083771250985417,25,4,213,212,212,4
100,937267687738449358361723172437,25,4,160,147,147,4
100,668149006981170648740583372397,25,4,200,179,179,10
100,961864090660387328431998000841,25,4,191,136,136,7
100,1003569243793019917697330043269,25,4,319,317,317,24
100,687215952900449547401496128497,25,4,200,196,196,6
100,741848040821512386197010291173,25,4,182,176,176,17
100,831137702259598020410529898853,25,4,186,185,185,15
100,643981794211966137436232603947,25,4,171,155,155,7
100,1067025267495353033262460915741,25,4,163,160,160,18
100,655479689247037069767417318707,25,4,159,155,155,9
100,642926039366197114258533564379,25,4,204,203,203,27
100,703976084961132991370454556889,25,4,171,166,166,10
100,918924182752112834960909309641,25,4,256,244,244,17
100,790994412280416970217319125479,25,4,171,156,156,39
100,780713589970449264927637179013,25,4,189,168,168,11
100,646182751456361570594473745609,25,4,195,164,164,8
100,857499235551260715032341062571,25,4,269,261,261,8
100,699480722041047986938116875381,25,4,171,166,166,12
100,662806514080997234617546160389,25,4,209,206,206,17
100,754693865468079571757462914081,25,4,180,170,170,19
100,716584824082592844389233766051,25,4,184,166,166,9
100,957422210004852698195342623987,25,4,201,196,196,3
100,741545331797162078302384275569,25,4,313,306,306,13
100,1224752864007255311527204246501,25,4,263,251,251,59
100,1104246277624125926313701083577,25,4,163,154,154,6
100,1095365691749456554010240106623,25,4,260,249,249,8
100,713659865893111987583891686469,25,4,256,203,203,5
100,1026523650097102547170852671959,25,4,175,166,166,24
100,878476512040254785938968221357,25,4,202,197,197,86
100,795902998379687438434317113951,25,4,226,214,214,12
100,955272230016780358618549810403,25,4,187,154,154,7
100,767607250946039511867926912773,25,4,160,151,151,8
100,672777433935669052656843917917,25,4,211,187,187,90
100,641138048593836142518883624109,25,4,186,159,159,5
100,1249095534941442161403852663533,25,4,208,200,200,6
100,663391152482468728367719936333,25,4,191,176,176,2
100,779479899978916642611338142859,25,4,301,293,293,24
100,733196405627176899990236161721,25,4,184,172,172,14
100,844487135545785581080475953711,25,4,207,205,205,13
100,668787443918465815174816434023,25,4,179,162,162,5
100,835665512033903135959546300157,25,4,196,185,185,8
100,761676202620453471476322330799,25,4,300,297,297,49
100,671772024319001746335535661899,25,4,195,183,183,12
100,775273340146314610886334796801,25,4,176,174,174,50
100,987236194980462111048509305073,25,4,226,217,217,29
100,845342567239976512474766406799,25,4,272,263,263,22
110,656704593356866926539448075093133,28,4,217,198,198,3
110,964686453540480422021316553827367,28,4,234,231,231,10
110,964738042126015777113658866410519,28,4,212,205,205,18
110,1165961524832344868659121053465823,28,4,198,191,191,11
110,982972475664138412223657917192727,28,4,233,229,229,17
110,847864463615314330017735377768219,28,4,233,224,224,4
110,678430445010381972638931909141143,28,4,200,195,195,19
110,1011510087245210477234114699531537,28,4,198,190,190,47
110,1004379138043259861038352420752439,28,4,221,217,217,46
110,655192205436342203550711110331091,28,4,191,190,190,6
110,715941959228490314367357449259361,28,4,271,256,256,4
110,965716134849812535772011319932887,28,4,235,234,234,14
110,652328183472061387338038768643721,28,4,333,329,329,9
110,720748493978061624609624716467427,28,4,182,178,178,4
110,799818228497863875132494029835111,28,4,215,203,203,3
110,751973736458635505379546402965653,28,4,231,228,228,2
110,685146600203203743474468668781031,28,4,208,196,196,5
110,759652303798506697167616723614463,28,4,221,197,197,26
110,1096685886965182498313504674937171,28,4,207,198,198,21
110,697471761920185515587178788836733,28,4,186,171,171,8
110,733038161037664697034559528289971,28,4,265,244,244,1
110,676280234119476759834437517873467,28,4,256,249,249,4
110,739336992087377599858149363898031,28,4,207,205,205,62
110,800212227828189981142912458458887,28,4,217,214,214,29
110,714179959802366597802660721232999,28,4,213,206,206,2
110,761859698139063971251381900366727,28,4,422,410,410,18
110,649521478515817898965963921606243,28,4,198,184,184,5
110,917374628250211654271222815598773,28,4,206,194,194,28
110,923061015349572426588797689158149,28,4,212,185,185,36
110,691167011035972328072132906242367,28,4,196,177,177,1
110,949863374374209610356046599530213,28,4,207,206,206,24
110,887797747297031036883320533704821,28,4,188,175,175,27
110,866104860848355654512421663389251,28,4,327,325,325,29
110,1109632515614112401186635439166091,28,4,213,193,193,15
110,740929704801965652018468658650769,28,4,191,186,186,94
110,699951200947739371809823368581399,28,4,295,281,281,32
110,926948714734421570589821969795069,28,4,217,213,213,27
110,933124844318001211734730991692799,28,4,183,172,172,13
110,757831600140674519158972083835217,28,4,288,283,283,44
110,925739404461784125340276526495093,28,4,288,272,272,21
110,793995496810517870415624043751027,28,4,163,156,156,4
110,801590641059745722850369185733739,28,4,205,185,185,10
110,961527062987598371709759883482283,28,4,215,198,198,8
110,960275362343385698965479244282739,28,4,186,179,179,18
110,810276720420866687142723983372579,28,4,262,237,237,31
110,723460216381749175957473700729169,28,4,190,173,173,4
110,1271546057012003064343207615816457,28,4,167,154,154,44
110,876272155703738389292149864340387,28,4,187,185,185,1
110,904195418003853454620839206703791,28,4,185,184,184,2
110,780709376089701736610391450933259,28,4,220,195,195,6
110,682657482807815002834184137649123,28,4,223,215,215,31
110,897465590394150773591747557420841,28,4,235,223,223,5
110,878482093389243745361546010918047,28,4,306,287,287,31
110,665914458382662717402398508124381,28,4,211,195,195,13
110,1024484086442230320441873629925901,28,4,333,329,329,19
110,824522081810846857670164228619231,28,4,297,286,286,67
110,1105287522276545512823367479878709,28,4,238,237,237,29
110,649250014514791881399552997620767,28,4,227,218,218,22
110,901072930211617532742351599509909,28,4,177,173,173,17
110,700627082723402350626290053201543,28,4,233,231,231,5
110,692188617171387040536183022574567,28,4,223,220,220,3
110,779833205948170205359468735896037,28,4,170,169,169,9
110,657173236442858439272110400497721,28,4,224,207,207,18
110,759869899515501365467861355199559,28,4,371,362,362,6
110,722927966107065189294935978398417,28,4,226,220,220,17
110,1116466466497914325103387586332377,28,4,225,207,207,8
110,690312264676404959867018392778177,28,4,199,198,198,7
110,923687824917304481809078461421657,28,4,170,167,167,13
110,752144079927309846088501990722529,28,4,308,279,279,49
110,969929389417092189721994626115513,28,4,291,284,284,6
110,728158505993712646399592929613123,28,4,172,159,159,23
110,856599516213833485167762092608051,28,4,195,183,183,54
110,1250960448726003234961173401646247,28,4,211,187,187,24
110,706918970982272285764252034965723,28,4,192,163,163,12
110,656551050241063959785954501613151,28,4,189,187,187,6
110,728051983625039837563338342693287,28,4,221,215,215,11
110,1100482662772182702487182168179839,28,4,247,223,223,8
110,661113550219143121451365139722627,28,4,199,184,184,14
110,734314565157553804304508769574683,28,4,194,171,171,5
110,718008030721971174683857915512017,28,4,237,232,232,11
110,652319868705855275430725679787987,28,4,464,460,460,61
110,754389345858864585230178779640713,28,4,193,186,186,6
110,724603798782407424947703582937967,28,4,245,236,236,1
110,1270085269797434089568055411935821,28,4,232,226,226,10
110,943691131719675074973665648955113,28,4,235,213,213,3
110,803900594301852395412926400565517,28,4,207,206,206,2
110,947358839131118118133751996928413,28,4,224,220,220,17
110,685033326792694708178904229790183,28,4,185,184,184,7
110,650338433041828182816475030347851,28,4,256,248,248,2
110,809207599780391483434630247443403,28,4,239,222,222,31
110,680369304235471795550958893933669,28,4,244,242,242,18
110,818495683460238444614306975606077,28,4,354,328,328,35
110,776618518895164853478913955191433,28,4,226,192,192,44
110,704527816944317992140186584218763,28,4,247,227,227,23
110,1136118298147328756528892405677713,28,4,272,252,252,27
110,824780407854161736790233102525043,28,4,214,194,194,4
110,834877550045513713540978298180329,28,4,231,222,222,42
110,689081161320377747903859867702407,28,4,234,231,231,14
110,999679454570943698109323758376437,28,4,286,257,257,11
110,725098747770837894682800478641407,28,4,207,206,206,33
120,843272846714500349948500562416564601,30,4,253,244,244,38
120,1064031678172870635631849161363723989,30,4,239,238,238,48
120,976472236011096405762515893151126707,30,4,174,171,171,14
120,803862343359314125941237341671562479,30,4,258,240,240,12
120,1025720174954534150212290022458416887,30,4,249,240,240,23
120,1176708745554245919493608749729441393,30,4,213,196,196,7
120,665558375802541407526791443456959067,30,4,254,238,238,7
120,816244213186191466245894144174693203,30,4,240,221,221,23
120,834011153777925607876623453695944267,30,4,481,475,475,56
120,1111102725643804281360766215006506479,30,4,227,223,223,14
120,908684941538286924686363082585072877,30,4,220,216,216,8
120,811417899711697795110953725575349073,30,4,262,259,259,42
120,1051746349180682277912109652309099999,30,4,221,212,212,5
120,1045180685462022172643442340212478661,30,4,303,301,301,17
120,721978629379275991378090169537037721,30,4,382,370,370,43
120,1310816961155896582075811058002493269,30,4,216,193,193,1
120,869498241910838104325891346767157029,30,4,223,212,212,8
120,1065408908905032374454681051200177759,30,4,238,236,236,1
120,894427801916196538050716094181662911,30,4,283,259,259,12
120,793674264961479272981358142281478727,30,4,213,191,191,20
120,1024118670830776899245713427123571091,30,4,244,228,228,8
120,677453655447954588683142811021430743,30,4,227,220,220,30
120,1000211969943234094160461997011347373,30,4,304,285,285,18
120,756797518401973813906640658344677487,30,4,167,166,166,5
120,796646680178982873164608357148261617,30,4,220,201,201,6
120,986819399177636534441387428076482493,30,4,332,324,324,27
120,769282370652012567915815487342366463,30,4,263,253,253,4
120,942098989613883737872720539806488429,30,4,434,432,432,26
120,674204269659013463553071208535422797,30,4,203,196,196,5
120,818517386019962255121948858449132519,30,4,224,220,220,4
120,1125277109986177362627201887124280339,30,4,274,265,265,10
120,1172149447161573989704269511450878919,30,4,181,180,180,5
120,802643698202389351360348955376269147,30,4,173,163,163,3
120,924020235038356457663523235980157771,30,4,283,274,274,8
120,971884869887541919328733408679360757,30,4,165,162,162,4
120,968804439346758795612611297324006689,30,4,311,285,285,25
120,748658664449913241085598276680387437,30,4,180,171,171,4
120,672118972719425061189619135770898097,30,4,288,285,285,32
120,922541783036584226315199608543086657,30,4,388,387,387,15
120,1200329870077835141599194927469185239,30,4,253,242,242,26
120,1151819828543855116985415320178364933,30,4,209,208,208,6
120,786877473466683045211080124985894413,30,4,197,195,195,28
120,1159464183884687654851230719281289197,30,4,235,232,232,30
120,751076962305542218045271041249691617,30,4,247,244,244,2
120,862464104458474512044776983345743947,30,4,311,308,308,13
120,714176192443073107603976946197520823,30,4,230,221,221,4
120,720410846488761855225266001144922043,30,4,303,285,285,15
120,668661283671575790262412894602365491,30,4,215,213,213,10
120,895318200077030046893252424569377121,30,4,186,177,177,1
120,717583390863664512164187976000014341,30,4,282,273,273,52
120,784993820918650833540424304970562711,30,4,227,216,216,51
120,804594754821484390597081149168016121,30,4,213,209,209,5
120,1076421292162090182251691396848063539,30,4,301,265,265,29
120,861566471800595219333942133348398857,30,4,263,253,253,4
120,871735362748332206895799048492536763,30,4,255,248,248,20
120,701663521276564054052088640159477457,30,4,243,235,235,22
120,734669954500312855290361802677337723,30,4,331,324,324,35
120,976181470616804372450700094349301101,30,4,196,192,192,9
120,689977150432840941894043228606145099,30,4,271,243,243,1
120,714401996409593211972628278196489057,30,4,238,225,225,4
120,960095548790059038676790891775326963,30,4,247,234,234,4
120,1220049538204763336409056838952087813,30,4,225,216,216,2
120,731313530391862505330928808964295551,30,4,242,228,228,17
120,757017154266744134048533924728694781,30,4,223,183,183,4
120,1088561310959509126213548283407304081,30,4,234,232,232,33
120,861247975592171108019052254852930107,30,4,467,458,458,109
120,1095695858859533455870101194943733363,30,4,303,278,278,12
120,728309676054989876274117514678975697,30,4,172,158,158,3
120,735000426773257749043743112181313853,30,4,237,229,229,17
120,717879438446456261849945026208703581,30,4,208,201,201,3
120,816761945942029680475416948645034691,30,4,329,326,326,48
120,706621259566715044099878258240107813,30,4,272,256,256,38
120,1191505404584907562418263572067387217,30,4,222,200,200,3
120,959595281888282143061448954521934223,30,4,328,306,306,70
120,701013637471833252094560461767333249,30,4,280,261,261,46
120,1043217753747751243225262672599460479,30,4,255,226,226,31
120,826652614288038169898183374095039421,30,4,198,169,169,4
120,945768782859444320143467003042457403,30,4,238,234,234,1
120,898508246476218972119031957029658119,30,4,242,214,214,27
120,753241111793996932357643608283410711,30,4,219,209,209,31
120,745546589435962230591053629040064073,30,4,243,227,227,9
120,879002368628600401938585970226632903,30,4,267,241,241,5
120,1004803397106409756091425706610568471,30,4,246,226,226,11
120,687048071258044180240709182931725633,30,4,284,280,280,25
120,1057154590514301446524734041075065741,30,4,265,257,257,11
120,1067676558567897850570058883233534033,30,4,315,308,308,7
120,850317534058660072584706557718809071,30,4,187,181,181,47
120,974200839029371280699027358374207951,30,4,196,192,192,10
120,726879540129789197205361237749760729,30,4,236,231,231,15
120,709711868864797361249404416420397549,30,4,365,352,352,34
120,980326382978891302801660996264663807,30,4,196,191,191,74
120,940563691263861300130788365067312271,30,4,198,177,177,12
120,665979711571412360342118667684101677,30,4,206,189,189,32
120,804961628676662611319855839200399259,30,4,261,244,244,10
120,770131009424017796982787323060882493,30,4,249,248,248,64
120,965763269004197800203552294851061749,30,4,261,251,251,44
120,927047461556341737356024757304652921,30,4,212,211,211,17
120,1089097804196748519202592823858883027,30,4,216,201,201,10
120,1002021913214246983913973163317147593,30,4,260,256,256,2
120,1187697137243629853417056875162709883,30,4,351,335,335,31
