lattice_id,u,s,smoothness_value,smoothness_index,cost
0,4455516,781,71,19,48
0,257330216,-153467,83,22,162
0,2783845064,-364311,131,31,303
0,155897368,-18357,211,46,258
0,891072,125,5,2,97
0,13131454336,-213497,97,24,268
0,60156896877,-71120323,163,37,496
1,9938999,-3384,47,14,61
1,903125,-728,13,5,129
1,8133125,-1552,97,24,104
1,8134588,-89,89,23,217
1,6323031,-3940,197,44,103
1,4519229,-36,3,1,148
1,11749584,-505,101,25,233
1,15356250,-9251,29,9,165
1,11755296,5207,127,30,319
1,22620312,23987,83,22,325
2,23592226,-15347,149,34,171
2,9296875,-3078,19,7,94
2,1428595,-2167,197,44,367
3,9140625,-2842,29,9,278
3,2689128,-127,127,30,275
3,65146380,66409,179,40,170
3,65078125,-1846,71,19,226
3,6987750,-4313,227,48,132
3,26353800,-899,31,10,232
4,1610510,893,47,14,79
4,537251,712,89,23,165
4,139631217,131077,139,33,240
4,203039551,227809,131,31,284
4,217782019,483724,83,22,620
5,21902936,-2619,97,24,55
5,3128697,-668,167,38,126
5,7818613803,-4798697,139,33,330
5,8138240,1891,61,17,142
5,3129581,216,3,1,117
5,3130512,1147,37,11,58
5,391514981,344356,197,44,225
5,626688,815,163,37,238
6,4891425,-1207,71,19,147
6,72772425,-5476,37,11,106
6,46268707815,-35161433,101,25,507
6,324201153375,74068639,181,41,638
8,679140,83,83,22,106
8,67228000,1357,59,16,502
8,11550000,6031,163,37,563
8,2551047840,-169309,67,18,339
9,79511992,34715,131,31,138
9,3286712,2527,19,7,96
9,94856450468,25608593,89,23,234
9,657072,235,47,14,168
9,36171408,45373,157,36,264
11,738325640,785991,97,24,143
11,57954303169,-3948351,149,34,241
11,11328800,8829,109,28,122
11,871563,796,199,45,170
11,1742279,745,149,34,95
11,4248212144,3223019,223,47,211
12,1106105,303,101,25,51
12,1660120,1417,109,28,168
12,93462600,22331,163,37,107
12,7951190016,8767151,97,24,365
12,1214915625,192128,79,21,220
12,64706950,17533,197,44,209
12,79060128,-4715,41,12,259
12,13823524,999,37,11,137
12,2764608,103,103,26,127
12,8289281,-4234,73,20,134
12,93500000,59731,53,15,111
12,2717203125,800512,59,16,178
12,1382352400,652801,113,29,183
12,84584500,-9353,199,45,130
12,21560000,-3139,73,20,122
13,544320,131,131,31,193
13,29937843,7448,19,7,138
13,8168446,5611,181,41,59
13,3809598,275,11,4,70
13,544544,355,71,19,144
13,5333623945,27556,83,22,130
13,1632680,113,113,29,310
14,1108723,965,193,43,200
14,13847724,749,107,27,169
14,93702400,96849,211,46,289
14,30476784,13439,151,35,86
14,2772224,2829,41,12,145
14,1664000,2363,139,33,220
14,554880,1001,13,5,269
14,7208960,8533,53,15,322
15,552279,-82,41,12,42
15,13796146,-12879,53,15,242
15,69060992,15867,43,13,248
15,124297472,16247,211,46,308
15,4978688,7439,173,39,240
15,1073446283,-343501,179,40,188
15,7728149,-4905,109,28,132
15,21540904,-1175,47,14,124
15,44740234,-1007,53,15,172
16,8462498,-3479,71,19,141
16,21494375,3818,83,22,106
16,574206875,-177103,197,44,209
16,451562500,260803,179,40,152
16,7163154,-365,73,20,134
16,989931250,-588059,131,31,200
16,502431015625,237725962,179,40,482
16,4556250,-2353,181,41,138
17,7419776,437,23,8,201
17,17303000,-8791,149,34,147
17,66784256,10205,157,36,417
17,10718750,1927,47,14,83
17,32140625,-9844,107,27,111
17,22253000,-5017,173,39,231
17,200200000,-122153,113,29,599
18,1106105,303,101,25,59
18,57495207,-6497,89,23,132
18,35388339,2675,107,27,626
18,8289281,-4234,73,20,227
18,6086535,4624,17,6,319
18,3185361179,651419,181,41,584
19,51653448,2603,137,32,91
19,21258732,-9263,157,36,87
19,45574144,-131,131,31,212
19,267988864,12127,181,41,151
20,773955,284,71,19,58
20,11625271875,-1455913,109,28,334
20,563150313,-82175,173,39,217
20,30491427375,-9778129,59,16,375
21,560235,356,89,23,123
21,43111575,892,223,47,207
21,17918901,2773,59,16,402
22,2501499,215,43,13,52
22,78156078,-9047,109,28,126
22,8134588,5415,19,7,105
23,771375,334,167,38,64
23,2314312,1189,41,12,87
23,30078125,7526,71,19,102
23,20825000,6893,113,29,159
23,1559765625,-50318,181,41,171
23,39325000,1909,83,22,132
23,1094843750000,75788863,181,41,255
23,419684265,237961,83,22,363
23,10793861,-713,31,10,165
23,1782421875,-224917,127,30,265
23,13109460,1763,43,13,144
23,52408125,-22663,173,39,179
23,117906250,-63023,107,27,186
24,540540,-109,109,28,71
24,540225,-424,53,15,213
24,156221065,-26496,23,8,174
24,5407479,989,43,13,98
24,7026831,-1606,73,20,123
24,45972927,17762,107,27,124
24,64304361,-32870,173,39,229
24,56205009,-22487,199,45,162
24,54000891,-64009,23,8,363
24,4322241,-2951,227,48,160
24,1187442333,-363520,71,19,170
24,35153041,10856,59,16,241
24,50735425356,-45031969,139,33,439
25,25878125,3139,73,20,116
25,1521585,-473,43,13,202
25,761332,303,101,25,81
25,170473875,3379,109,28,116
25,486873387,-185173,97,24,204
25,2282665,-422,211,46,194
25,2284880,1793,163,37,106
25,2946724053,19765,67,18,211
25,75357100,15229,157,36,229
25,2283008,-79,79,21,263
25,92046500,-38009,199,45,182
25,513641128,-53447,97,24,383
25,3046875,2759,89,23,115
25,12182625,6161,101,25,163
25,9900000,6623,179,40,103
25,16752463,9825,131,31,226
25,128622340,8439,97,24,185
26,902613283,-24047,173,39,110
26,8703679193,-323632,179,40,507
26,66327625,11413,113,29,339
26,4298008,-265,53,15,71
26,646786624,203557,71,19,454
26,614125,86,43,13,117
27,31320375,3683,127,30,102
27,19921875,-6929,41,12,128
27,1422135,-1351,193,43,236
28,2539732,79,79,21,37
28,921125205,77717,109,28,175
28,13557687,12871,211,46,169
28,866683545,-184679,163,37,161
30,6975757441,-956884,113,29,105
30,51292334125,-16416368,223,47,139
31,2750517,-598,23,8,67
31,5498361,-3869,73,20,144
31,269440587,-168683,97,24,271
32,1127357,-309,103,26,46
32,80607744,-20375,163,37,329
32,14085981,-9844,107,27,360
32,49592655,-24649,157,36,404
33,386683451,129076,61,17,130
33,3714347,3425,137,32,144
33,232099868,167243,79,21,198
33,5573750,7367,139,33,250
34,1660594,1045,19,7,114
34,181412421827,-59261323,173,39,247
34,1106105,-261,29,9,79
34,8289281,-8464,23,8,225
34,537788251,94375,151,35,227
35,9457525,1416,59,16,60
35,24577234819335,325266776,67,18,304
35,5091075,-676,13,5,139
35,35668380,26123,173,39,162
35,210231450,14873,139,33,242
35,2910897,1325,53,15,366
35,1747256940,786347,191,42,283
36,58522500,37843,71,19,166
36,6081075,4747,101,25,255
36,460033668,511363,101,25,423
36,66910725,71117,197,44,270
36,760500,959,137,32,206
36,9882675,8642,149,34,184
37,897974,235,47,14,94
37,246549009168,7436293,227,48,478
37,1156019074,628981,41,12,284
37,9882516,7387,89,23,256
37,70001155,-22487,199,45,229
37,1412376245,232798,167,38,475
38,539250880,84667,179,40,283
38,739840,243,3,1,98
38,6662656,6283,103,26,154
38,4874240000,-443827,139,33,531
38,3699696,1711,59,16,137
38,37730000,10553,173,39,263
38,1376829440,1918617,139,33,511
39,2072671875,-595607,199,45,228
40,2767149,4,2,0,182
40,67009852,44943,211,46,177
40,553644,215,43,13,178
40,8850625,-4239,157,36,145
40,1409416875,-720217,127,30,268
40,6086535,-1184,37,11,110
40,6086340,-1379,197,44,167
40,189921875,95728,193,43,96
40,4984672,3811,103,26,190
40,553696,267,89,23,201
40,6093750,6031,163,37,118
40,3877632,3629,191,42,364
40,280616875,28372,173,39,118
40,122285625,-22184,59,16,139
40,1660120,-167,167,38,95
40,9411920,3627,31,10,111
41,1318707,-71,71,19,54
41,4615908,185,37,11,72
41,1163593475,431279,157,36,197
41,658845,-544,17,6,117
42,595595,106,53,15,38
42,595350,-139,139,33,70
42,10122255,-1058,23,8,100
42,4171596,3173,167,38,142
42,4169880,1457,47,14,136
43,731250,127,127,30,43
43,8044400,2047,89,23,194
43,29255499,10579,149,34,202
43,136718750,-1251,139,33,154
44,22370117,-4066,107,27,56
44,258039971875,-53687091,127,30,238
44,1982572711910,-55850147,193,43,286
45,682227,-332,83,22,57
45,1365525,407,37,11,82
45,6141250,-1781,137,32,225
45,184277093,-13837,137,32,85
45,24589565,17441,163,37,176
45,4475300830,-2968769,103,26,218
45,11594583,-8920,223,47,154
45,9555975,149,149,34,119
45,1638687375,-136784,103,26,190
45,55240493,-46786,157,36,314
45,11609325,5822,71,19,93
45,1961016750,24743,227,48,179
45,682500,-59,59,16,230
45,3413124,329,47,14,112
45,2575288248,-6859,19,7,295
45,8869784,-3483,43,13,262
45,58024967,7452,23,8,74
45,1366365,1247,43,13,119
45,79893275,33872,73,20,157
45,11595672,-7831,191,42,441
45,197287475,27924,179,40,282
46,8627619,-3629,191,42,74
46,539539,86,43,13,99
46,1146181491,-156134,151,35,264
46,9176622,5921,191,42,371
46,100842000,-35711,67,18,395
46,155815296,-86621,97,24,329
46,1348307961,-324539,31,10,411
46,2087681505,-1080511,53,15,536
46,13481272,-5053,163,37,187
47,2066350,-107,107,27,59
47,6194188,-5183,73,20,212
47,18571735,-26378,109,28,420
47,5480678665,434701,167,38,398
48,9835826,3431,73,20,85
48,3279584,2119,163,37,151
48,79366625,51972,71,19,126
48,2622675,703,37,11,65
48,11154000,10619,41,12,166
48,144945900,81947,227,48,147
48,1311975,989,43,13,206
49,1134903,-355,71,19,48
49,626363276,-866769,83,22,534
49,781105325,-519808,131,31,249
49,86806489,-40748,167,38,613
49,58980565,-52851,223,47,231
49,2491217575,-2944251,101,25,487
49,11330319,-22261,197,44,539
50,804440,267,89,23,54
50,12057136,-5459,103,26,169
50,77154077,-46531,79,21,184
50,205724883,-143405,43,13,229
50,462699523,-504125,109,28,371
50,2927131207,-4079378,191,42,489
51,633864,85,17,6,39
51,633600,-179,179,40,169
51,1821388800,541733,181,41,265
51,3168256,-639,71,19,215
51,123633664,46759,107,27,269
51,164725407,-57133,97,24,151
51,1346689344,-91031,73,20,189
51,10782720,8477,173,39,215
51,10777536,3293,89,23,259
52,12914679690,-10720343,103,26,190
52,9221721696,-10706899,223,47,407
52,4498659,-262,131,31,79
52,54660177,30422,53,15,100
52,642978,275,11,4,113
53,799708,447,149,34,81
53,135107500,32391,61,17,134
53,20796875,16089,173,39,234
53,26374985,-628,157,36,130
53,114287600,-6723,83,22,158
53,5266121875,-1807376,71,19,203
53,108688125,-11371,137,32,99
53,102265625,-39783,149,34,136
53,7198048,4699,127,30,237
53,5595040,213,71,19,134
53,13590720,3283,67,18,196
53,21581560,1513,89,23,196
53,40761875,-436,109,28,195
53,11994367,5452,47,14,171
53,31972941,2501,61,17,160
53,25563447,-12905,89,23,193
53,3996993,688,43,13,278
53,99891792,-15833,223,47,262
53,10385793,-4600,23,8,281
53,51102051,-50653,37,11,214
53,3195731,-1313,101,25,221
54,5997810,-1139,67,18,75
54,1636250,173,173,39,179
54,1090089,-629,37,11,82
54,1090397,-321,107,27,194
54,1482572949,-803531,179,40,181
54,17436237,-15251,151,35,269
55,10635625,1957,103,26,87
55,19508125,13067,179,40,124
55,103757500,79237,79,21,153
55,7197354549,-2524826,211,46,213
55,2769916149,731774,127,30,127
55,80642628,3979,173,39,145
55,11525976,6169,199,45,226
55,887250,1111,101,25,162
55,43483770,62959,167,38,283
55,93087478,42883,61,17,132
56,428717762,-38485,179,40,729
56,12998046875,-7559284,197,44,365
57,898425,-412,103,26,112
57,898425,-412,103,26,112
57,11663190,-21691,199,45,516
57,11663190,-21691,199,45,516
57,112355397,772,193,43,143
57,112355397,772,193,43,143
57,786265623,-216752,31,10,201
57,786265623,-216752,31,10,201
58,27187875,-2231,97,24,116
58,22418019,26167,191,42,283
58,87947613,-20377,71,19,199
59,8181250,6847,167,38,107
59,306939675,-54571,41,12,96
59,11807775,304,19,7,115
59,907578,-689,53,15,233
59,11812500,5029,107,27,150
59,15435000,-5539,191,42,262
59,909194,927,103,26,146
59,61790625,28469,83,22,191
59,77154077,-48618,73,20,204
59,787286500,-180989,79,21,227
59,907137,-1130,113,29,238
59,907500,-767,59,16,241
59,15459444,18905,199,45,277
59,113557059,23684,191,42,186
59,908820,553,79,21,191
59,4540536,-799,47,14,259
59,1837687500,263359,167,38,248
60,173612978,-5795,61,17,60
60,16232813443,-11655837,157,36,227
60,70306082,17513,211,46,138
60,31225005,-14359,173,39,161
60,49130810645,-8708927,163,37,233
60,28824005,-12331,59,16,354
61,42595710,-15089,191,42,84
61,1057812250,289693,193,43,221
61,553696,309,103,26,127
61,27144325,28362,163,37,206
61,2526510250,1405369,43,13,265
61,4984672,4189,71,19,193
61,104627248,37105,181,41,131
62,607750,93,31,10,48
62,140320193,-48574,163,37,237
62,114841375,-5798,223,47,130
62,49179130,-41087,227,48,236
62,208468416,42065,179,40,414
62,147665128,4477,37,11,294
62,13130837536,-22577,211,46,462
62,4253392,-207,23,8,306
63,571725,-82,41,12,74
63,10295285,2759,89,23,123
63,128665108,8533,53,15,225
64,9391536,-1525,61,17,202
64,552279,-254,127,30,57
64,280004620,-129611,113,29,143
64,6086340,8477,173,39,314
64,122245200,135407,67,18,359
64,19882681,-8507,181,41,129
65,584375,424,53,15,63
65,804156925,56398,173,39,298
65,5915670761,3166886,199,45,292
67,9714446,-2937,89,23,70
67,9714446,-2937,89,23,70
67,33647614,10519,157,36,106
67,33647614,10519,157,36,106
67,26156812,-5373,199,45,107
67,26156812,-5373,199,45,107
68,53429453,15768,73,20,84
68,22204448,17225,53,15,166
69,2926125,1633,71,19,129
69,29255499,10579,149,34,138
69,8047494,5141,97,24,140
69,731250,127,127,30,118
69,8044400,2047,89,23,143
69,62178597,33142,227,48,234
69,201064032,5207,127,30,235
69,64286775,-52049,73,20,170
69,257298363,-56933,197,44,202
69,44226729729,-6211771,139,33,209
70,5846470,1719,191,42,35
70,87628268,-42997,73,20,160
70,1734722500,-1168547,163,37,317
70,64286775,-5486,211,46,166
70,10504375000,-1830593,71,19,435
70,531250,-91,13,5,71
70,530621,-720,5,2,306
70,455546875,-343703,101,25,224
71,1591863,985,197,44,87
71,19882681,-3294,61,17,60
71,34987225,-12091,113,29,101
71,70001155,2523,29,9,155
72,5475734,-387,43,13,48
72,782628,325,13,5,71
72,345893625,115699,59,16,204
72,21146125,23944,73,20,280
72,38341875,9028,61,17,313
72,2348125,1216,19,7,306
72,13305708,6557,83,22,126
72,3128697,-515,103,26,53
72,3129581,369,41,12,138
72,1563705,-901,53,15,123
72,175192875,-42997,73,20,286
72,146277495,-13166,227,48,184
73,54187500,-26569,163,37,286
73,595595,-164,41,12,82
73,30970107,-9361,37,11,162
73,2381643,-1393,199,45,137
73,4165425,-4888,47,14,223
73,595000,-759,23,8,374
73,594864,-895,179,40,446
73,7734375,-10492,61,17,473
74,634933,-298,149,34,49
74,86397025,5609,79,21,153
74,68574961,-29987,191,42,237
74,8253840,-4163,181,41,145
74,1905904,211,211,46,123
74,635250,19,19,7,163
74,8246700,-11303,127,30,347
74,10796058,-2869,151,35,91
74,82572791,-7239,127,30,248
74,635040,-191,191,42,245
74,999200160,-18203,167,38,347
74,6991712,4171,97,24,351
75,6768125,1577,83,22,66
75,9587193,1250,5,2,111
75,18046875,2747,67,18,164
75,36498515625,-4755319,83,22,323
75,14338471875,-2098853,199,45,171
75,163047500,86469,41,12,162
76,584766,265,53,15,44
76,28667925,27376,59,16,193
76,5845851,841,29,9,174
76,2338875,871,67,18,219
76,3487704605,-12862,109,28,118
76,4679675,3667,193,43,239
76,585225,724,181,41,217
76,278652231,429755,101,25,412
76,257298363,117923,193,43,211
77,10440125,4788,19,7,38
77,31295810,-10201,101,25,89
77,284791871,191771,73,20,207
77,6640625,-44,11,4,78
77,110872300,-121739,79,21,310
77,76826893,-15134,47,14,254
77,1600685727949,-189834551,79,21,314
77,46492875,8192,2,0,78
77,6645925,5256,73,20,141
77,18969093,-4247,137,32,172
78,4547718450,-1341247,179,40,237
78,550000,663,17,6,109
79,404507520,251591,101,25,195
79,36753750,3211,19,7,143
79,12757500,7313,103,26,133
79,1499553,-469,67,18,98
79,750141,130,13,5,86
79,1091586375,-429641,199,45,219
79,9757256760,-2636383,109,28,328
80,562275,262,131,31,74
80,56189133,-12167,23,8,224
80,7868025,-157,157,36,107
80,65824000,68479,47,14,213
80,10125115,8881,107,27,150
80,1349634000,240787,29,9,221
80,1124695,669,223,47,175
80,2810236,171,19,7,115
80,2811072,1007,53,15,189
80,70306082,54457,71,19,261
80,44925111,-35929,61,17,203
80,9555000,779,41,12,115
80,68001122,-2451,43,13,113
80,561834,-179,179,40,74
80,4492125,-3979,173,39,243
80,3932500,-1591,43,13,170
80,13488475,163,163,37,90
80,1685159,-880,11,4,130
80,561561,-452,113,29,147
81,8470000,4023,149,34,65
81,31948800,38579,223,47,301
82,453977095,963247,137,32,561
83,8289281,-358,179,40,42
83,565354484552,-298243323,157,36,470
83,902613283,-36297,109,28,109
84,6875000,3759,179,40,75
84,982600000,12537,199,45,138
84,4760000,2987,103,26,112
84,7483481600,700151,149,34,257
84,1586032,361,19,7,185
84,3702600,2701,73,20,130
84,48108096,9409,97,24,157
84,4293647568,-878057,149,34,242
84,171802697,21672,43,13,148
84,528899189,342189,197,44,203
84,199883208889,22593264,107,27,286
84,62920000,21717,127,30,113
84,1420615625,-145591,67,18,155
84,528528,-29,29,9,90
84,5812079,-2048,2,0,102
84,228331675,-4949,101,25,162
84,198214016,5141,97,24,169
84,23791313,6248,71,19,170
84,33016435947,-18376553,97,24,338
84,528749793,192793,139,33,174
85,732050,31,31,10,57
85,8047494,-4715,41,12,119
85,36587859,-13091,53,15,106
85,210815759,-5713,197,44,166
85,333499353,430708,79,21,232
86,1587332500,-902589,127,30,222
86,1982540,-1927,47,14,226
86,5944730,-8671,29,9,411
86,6208984375,-14304137,127,30,831
86,5950000,-3401,179,40,247
86,8593750,-5607,89,23,159
86,3173828125,-2642053,227,48,357
87,12252669,3268,43,13,54
87,87198930,12017,197,44,158
87,720300,-253,23,8,108
87,23791313,13064,71,19,58
87,18735003,625,5,2,98
87,1134018711,588842,167,38,203
87,87181185,-5728,179,40,167
87,18000297,-13528,89,23,141
87,208416208,176391,139,33,282
87,720720,167,167,38,183
87,25247924,28569,107,27,139
87,7930160,4077,151,35,213
88,63903125,34278,197,44,91
88,1610510,371,53,15,115
88,3202718750,152279,89,23,212
90,764478,665,19,7,123
90,8403500,1557,173,39,107
90,12990780,5959,101,25,169
90,19102356,7031,89,23,96
90,1680700000,2602839,179,40,530
91,6437475,716,179,40,49
91,11953125,-856,107,27,75
92,92438775,9991,103,26,172
92,6597591,-4465,47,14,138
92,686616315,2491,53,15,268
92,268352973,144448,61,17,160
92,6609141,7085,109,28,242
92,9075807,-2020,101,25,144
92,214496667,-70153,73,20,160
92,16495083,-10057,113,29,294
93,7472673,3376,211,46,57
93,44310106620,24644707,103,26,195
93,4755784,2595,173,39,165
93,61799760,8303,23,8,216
93,7474194,4897,83,22,79
93,186670302,-62123,73,20,164
93,16965234,-10441,197,44,138
93,44168652,31897,191,42,190
93,23762752,-3193,103,26,410
93,11547360,3901,83,22,306
94,299769652,119527,89,23,118
94,3195731,-537,179,40,114
95,83604521,-25414,131,31,244
95,147962546281,-15977594,181,41,243
95,1546224273,-2478227,107,27,589
96,6514638,-343,7,3,53
96,7696920,-2603,137,32,173
96,296416029,280529,79,21,190
96,14816571,9796,79,21,266
96,214943750,-50623,71,19,140
96,3727124625,555493,223,47,137
96,7700000,477,53,15,168
96,7703584,4061,131,31,163
96,4151485,5588,127,30,199
96,592900,629,37,11,201
96,239955833,86078,223,47,135
97,29816997,-7138,83,22,57
97,59648043,-227,227,48,91
98,4956350,-193,193,43,73
98,178901982,-84293,97,24,92
98,732896775,-120862,97,24,210
98,16117612875,-8775139,227,48,464
98,40213189954,-58721921,223,47,347
98,235922260,-339623,137,32,395
98,11250185625,-11630798,73,20,457
99,4231249,-343,7,3,90
99,13752585,-89,89,23,147
99,48152313,17954,191,42,109
99,529254,305,61,17,91
99,116917020,19291,191,42,181
99,255977415,-33901,167,38,170
99,2644928,183,61,17,85
99,8997560,5427,67,18,138
99,320006232,-7913,193,43,216
99,29108352,16157,151,35,168
99,3702600,-43,43,13,82
99,528768,-181,181,41,127
99,6878200,1863,23,8,107
99,25940640,22139,131,31,147
99,203751936,106571,79,21,156
100,156377286065,3051452,157,36,174
100,9522123156,2994431,239,51,186
100,262994339335,25903273,283,60,171
100,30819546758,-22430311,179,40,314
100,220359321,-83660,89,23,101
100,340247193,-437414,257,54,405
100,440839035,-46927,281,59,127
101,618566641,-407584,271,57,185
101,495196009,16629,241,52,157
101,544844475,147157,101,25,123
101,74276111,-796,199,45,122
101,322063623,197026,79,21,209
101,2009723016609,-1943214641,251,53,378
101,4953645249,1851449,193,43,223
103,1675002095,824877,223,47,219
103,51256205,5882,173,39,111
103,290424960,6463,281,59,139
103,85398768,-18437,179,40,107
103,17082520,-921,307,62,135
103,17075520,-7921,89,23,193
103,768059116,-695729,239,51,273
103,17945858359,8245309,79,21,351
103,2034008064,1078585,113,29,350
103,837017984,-70625,113,29,249
103,461228768,-24139,239,51,231
103,9685080064,-1230983,179,40,498
104,234114276,47677,139,33,193
104,9705100896,339599,173,39,313
104,67934252164,923085,281,59,109
105,307778625,-79328,67,18,183
105,1278991175,196601,89,23,179
106,238164696,120773,89,23,103
106,934277120,412499,181,41,247
106,2180555520,1538071,199,45,202
106,18322304,11233,239,51,137
106,18314100,3029,233,50,107
106,238034850,-9073,211,46,227
106,347864965,-45384,61,17,270
106,18311040,-31,31,10,137
106,2438142720,2770277,277,58,202
106,238336000,292077,83,22,330
107,207532836,191383,157,36,201
107,3190501622,4982935,223,47,338
107,15941468312,13874877,199,45,278
108,300938625,-330799,157,36,490
108,169534625,70574,71,19,73
108,207104625,-18104,73,20,147
108,56474935,-13082,211,46,63
108,18828810,-529,23,8,102
108,27524345550,-22977407,181,41,280
109,885780500,-330257,173,39,149
109,16836915744,811361,283,60,444
109,18106088,22195,193,43,224
109,307580000,153819,211,46,318
109,307485360,59179,83,22,276
109,3056446932,269015,311,63,148
109,307514240,88059,197,44,507
110,20820969,700,7,3,56
110,3953156571,-2694539,307,62,184
110,55387633275,-35922803,109,28,237
112,21014532,5293,79,21,114
112,751412398100,563205479,293,61,344
112,21003948,-5291,37,11,202
112,693889000,584113,107,27,391
112,399171240,-4301,23,8,316
112,273042576,-77531,61,17,405
113,230567090,40959,41,12,47
113,230630075,103944,71,19,119
114,19307002,3425,137,32,43
114,463030513,-255335,229,49,174
114,2258997400,478891,43,13,239
114,3648325018,-51035,173,39,269
114,2779161275,-553813,113,29,325
114,5095532689,-611639,131,31,197
115,24046875,-206,103,26,113
115,673359375,41107,101,25,122
115,69445796875,-2173053,173,39,198
115,24048024,943,41,12,221
115,456663350,-231189,109,28,167
115,216388172,-35557,37,11,223
115,12020825817,-2714683,233,50,318
115,192377185,537,179,40,203
115,601057457,-119568,53,15,115
116,130153408,3893,229,49,95
116,26042368,12465,277,58,241
116,3513874364,-162541,191,42,191
116,13668987904,3288829,257,54,323
116,4920227840,576173,47,14,292
116,2706784157,-325755,127,30,143
116,26046720,16817,251,53,123
116,6025117696,12210103,227,48,583
116,11074043904,11335129,101,25,326
117,51354875,1448,181,41,78
117,188245551,-50348,307,62,110
117,325390625,152254,283,60,337
118,6412350945,-154744,29,9,115
119,219932211906,-295405669,179,40,499
120,8436285000,3546197,383,75,163
120,25285358384,-12858025,353,70,450
120,160338750000,116712743,353,70,367
120,87587500,50419,397,77,253
120,7088000920,-2502641,401,78,482
120,355194120600,172899091,317,65,316
121,8542188963,-10485245,157,36,434
121,8537599665,-15074543,83,22,649
123,56824625,22892,97,24,101
123,359484125,-260184,293,61,244
123,624771875,-47188,251,53,335
123,322071750,195263,239,51,159
123,18933750,-161,23,8,235
123,27359988084,486689,277,58,167
123,94673124,3569,83,22,207
123,321892870,16383,127,30,264
123,18916172,-17739,73,20,211
124,471309003,5359,233,50,123
124,14438133269,-3956965,293,61,164
124,908300701,-642041,149,34,137
124,159501826715,-17624506,157,36,189
124,16839900,7627,263,55,163
124,1296042345,-42676,227,48,123
124,40421678022,7390549,257,54,155
124,117938700,112789,61,17,211
124,218993544,173995,89,23,202
124,84187366,26001,107,27,130
124,16823807,-8466,83,22,97
124,6075688905,-761648,263,55,174
124,1363415053,940,47,14,101
124,40433317650,19030177,277,58,266
125,29638973,14760,41,12,61
125,2814413784,113549,419,80,111
125,88909030,36391,241,52,133
125,562832816,-27231,313,64,97
125,773932862976,298351,73,20,293
125,2606940973,10229,193,43,102
126,38014691,18765,139,33,57
126,627485170,552391,73,20,104
126,32220378125,37828803,67,18,225
127,24505338,2009,41,12,58
128,19047990,-1147,37,11,110
128,1066724789,-26883,103,26,291
128,66608916231,-63063269,293,61,354
129,22959432496,-8969375,127,30,301
129,132477576,18511,173,39,175
130,3231248735,2307089,257,54,154
130,230630075,-8614,73,20,94
131,53202877,-26329,233,50,108
131,505815310,137853,53,15,135
131,9132950970,4142141,293,61,229
131,26614588,-15,5,2,105
131,26606853,-7750,31,10,204
131,292955832,195199,127,30,250
131,691339187,-640491,97,24,182
131,7688287395,-3332872,151,35,200
131,611539929,-595940,359,71,296
131,26609310,-5293,79,21,227
131,26609352,-5251,89,23,242
132,18287500,11271,17,6,84
132,18290844,14615,79,21,121
132,30447140625,-1056889,199,45,259
134,21843198,415,83,22,50
134,371178756,-148555,73,20,177
134,152954406,54925,13,5,293
135,28674800,12139,199,45,86
135,401529375,252121,71,19,157
135,630859375,280833,311,63,121
135,84408410625,25536641,379,74,291
135,1240701721875,640356371,313,64,427
135,22483828125,12301901,349,69,391
135,716583252,16727,389,76,163
135,802811655,257147,241,52,341
135,57330375,5053,163,37,98
135,4614535250,-153171,61,17,273
135,458613811,11235,107,27,345
135,372638640,24047,173,39,112
135,372574125,-40468,151,35,215
135,401269275,-7979,101,25,335
135,4404427734375,8594471,127,30,470
135,28647703,-14958,277,58,216
135,1490131107,-327265,61,17,256
135,28676025,13364,257,54,321
135,2982065625,1148881,409,79,673
135,12528150000,2567143,263,55,218
135,113267372625,-7463647,419,80,736
136,1423959355,141231,263,55,195
137,20230333795,16262307,181,41,366
137,3111983875,2126723,251,53,323
137,7030639616,9165265,251,53,211
138,19724250,13199,197,44,67
138,1479526048,1197223,167,38,244
138,256217500,-26163,19,7,130
138,98563212,7957,109,28,154
138,256115013,-128650,83,22,196
138,800731946553,-29500322,127,30,247
139,606406983,53785,347,68,159
139,14863146597,7493246,317,65,150
139,36726553500,42185021,151,35,407
139,112658482672150,91133699643,181,41,227
140,73991225,-22294,157,36,143
140,4170768525,1340288,283,60,279
140,704634997500,1625447,223,47,289
140,54197687250,-4879831,103,26,321
141,456579585,205076,307,62,134
141,91273273091,-1628709,211,46,345
141,70334663074221,145324021,271,57,481
141,528899189,465547,83,22,192
141,24034010,14299,181,41,263
141,5193062875,4805299,241,52,451
142,24544884,15655,101,25,95
143,4266899156,3726081,293,61,171
143,21328669336,12803961,61,17,234
143,3047572944,2449319,263,55,418
144,321574924,30935,269,56,181
145,520596219,-560441,59,16,303
146,828580918,972013,239,51,233
146,410287128201,252894046,251,53,264
147,3138428376721,-5386051404,293,61,444
148,55831471215,5188912,211,46,122
148,6567801877,3959,107,27,170
148,4370712214050,-157300379,311,63,382
148,25115850473,3681963,83,22,106
148,965589443,-263192,197,44,107
148,298414116,-122153,113,29,271
148,193163880,-6647,23,8,278
148,3669912740,-327273,59,16,153
149,24708684,-28085,137,32,215
149,3286712000,-3278277,197,44,460
149,20614528000,8799423,257,54,275
149,850349280000,-372942679,307,62,381
149,163720581376,86854441,157,36,277
149,24709500,-27269,67,18,329
149,3634259200,-2045843,181,41,366
149,617824064,-595161,67,18,322
149,222576640,-54281,103,26,347
150,135978921,-49984,71,19,85
150,19148120425,-4749399,211,46,235
150,121296906549375,-134981507104,359,71,423
150,12911024217,-11721758,293,61,156
151,3562326999,261440,43,13,207
151,3015233424,1177951,269,56,144
151,10686524464,327787,127,30,299
153,434530285,1807,139,33,178
153,24145485,5014,109,28,166
153,24134045,-6426,17,6,88
153,106044993730,92466511,151,35,152
153,96621525,59641,73,20,178
154,32212752,-11189,167,38,114
154,6092506750,2181901,389,76,241
154,772673209,-701375,181,41,246
154,3833635377,-1013602,263,55,316
154,32207175,-16766,101,25,254
154,547759740,-47257,157,36,276
154,9307001704,-5717245,167,38,288
154,65187936000,-1096643,277,58,359
154,225544440,-23147,293,61,146
154,70801341600,5343223,397,77,192
154,96630314,-41509,103,26,203
154,1577976125,-996984,227,48,384
154,3831602016,-3046963,269,56,266
156,3264251243,114318,73,20,106
156,329939270375,309996,109,28,122
156,365080731125,411353864,277,58,270
156,6731532500,-1915671,137,32,265
157,20988540,-737,67,18,56
157,88582832688,-96862637,263,55,405
157,20986602,-2675,107,27,131
157,20991600,2323,101,25,225
157,545119025,-602177,113,29,246
157,818554352,-27451,283,60,129
157,5365118825,-8136087,179,40,370
157,3183402915,-6967189,223,47,652
157,1574228112611,-1814718765,131,31,541
159,6252629383,-2877872,107,27,198
159,26907939973684,59501809,251,53,418
159,220795960,13351,79,21,143
159,17880041200,-3350129,223,47,385
159,3312512896,773761,163,37,512
160,60835775,7328,229,49,83
160,2453903998,489969,263,55,209
160,815991377947460,-424862048233,251,53,335
160,44333314025,-10623838,131,31,148
161,58890975,9077,313,64,57
161,176640625,-5069,137,32,104
161,29442875,1926,107,27,91
161,58859185,-22713,113,29,138
161,9070994725,3182433,223,47,123
161,29467347,26398,197,44,199
162,517969298,35223,199,45,157
162,20718750,1387,73,20,71
162,1015197755,46968,103,26,176
162,20717543,180,5,2,178
162,419431019623,-95581127,257,54,307
162,269261300,-64419,197,44,106
162,20693556,-23807,179,40,341
162,97660604174,-104631823,223,47,442
163,20927272323,6568688,263,55,292
163,1321271875,-35723,257,54,100
163,11267641242,2646977,139,33,176
163,5505414453,-33872,73,20,165
164,41154399,18281,181,41,71
164,719565834,-316231,101,25,201
164,20568735,676,13,5,111
164,37102966758,-22379737,163,37,293
164,2446155855,-1443166,173,39,189
165,1096353793934,-358395119,337,67,126
165,3701768005,1916983,409,79,168
165,2740884484835,-147208424,149,34,171
165,675745070,375439,139,33,120
165,88093082,1391,107,27,141
166,20131111,9494,101,25,69
166,845095823,-12091,113,29,223
166,13586540539,4449064,151,35,415
166,100628066,19981,53,15,83
166,261657132,76111,131,31,119
167,252788844,-36859,41,12,100
167,1497648932,142845,107,27,194
167,388919531,-43089,271,57,91
167,486252921,49646,241,52,145
167,77786475,-6049,263,55,154
167,777625407,-299833,103,26,319
167,164195046925,-102763763,257,54,447
167,5351382414,3146389,199,45,209
168,25977105,-3844,31,10,51
168,337563450,-188887,271,57,195
168,3140868150,-2826679,311,63,249
168,3715775595,499888,199,45,127
168,1429049223,97028,191,42,156
168,25970625,-10324,89,23,178
168,69129703125,-31583113,211,46,346
169,662421643,9761,227,48,66
169,150651076,102921,29,9,109
169,6777082963,2415988,181,41,131
169,1144818675,652697,353,70,188
169,240935695,58647,173,39,226
169,90388643,59750,239,51,201
169,632831936,529685,281,59,152
169,90340250,11357,277,58,139
169,1144160875,-5103,7,3,172
169,572463100,380111,127,30,155
169,90359896,31003,103,26,175
169,30138446,28815,113,29,190
169,3854243575,210807,397,77,190
169,211020745,253328,223,47,206
169,30166500,56869,53,15,419
169,90469925,141032,61,17,383
169,10114382135,-2453881,383,75,210
169,90384580,55687,239,51,202
169,1626788735,868661,349,69,200
169,180805625,147839,251,53,294
169,2440360000,1479889,47,14,312
170,74309125,9881,241,52,146
170,18587415,12604,137,32,135
170,1207399347,36632,241,52,267
170,631640625,97051,61,17,102
170,12321203125,6103432,193,43,123
170,1057812250,-951977,131,31,298
171,192377185,-22826,113,29,71
171,64131650,-1687,241,52,139
172,17279405,35532,47,14,420
173,26614588,-4065,271,57,80
173,1731315432,1102987,137,32,315
173,13500304384,4647313,101,25,189
173,4500816640,2264283,283,60,273
173,2282109724160,1343679161,373,73,356
173,2156627200,516307,251,53,245
173,688740191744,461681123,373,73,594
173,7581063028,-5253077,307,62,271
173,3114752000,369599,83,22,387
173,17949281581,-18309194,257,54,447
173,989034210752,-620689135,311,63,716
174,2484356875,-1829613,311,63,232
174,323124873500,-243896987,199,45,301
174,876394285,-1083299,61,17,300
174,5257949125,-6916379,101,25,378
174,932631700,311767,113,29,154
174,17715610000,1531273,239,51,269
174,18279040,-1743,83,22,118
174,73046875,-76257,229,49,449
174,658132475,24287,163,37,193
174,3125354375,-659518,137,32,254
175,139110400,115103,79,21,167
175,19869668,13197,83,22,142
176,337925966,163137,89,23,74
176,53394484,63511,211,46,155
176,4319742245,-66568,157,36,185
176,302505840,296993,89,23,200
176,2720391310,511687,257,54,287
176,6423429600,5935849,73,20,337
176,36002836584,39983791,127,30,318
176,17778124,1133,103,26,177
177,6085165625,-813,271,57,102
177,1889829667,-532688,197,44,276
177,2644530625,-1976672,277,58,229
177,2143437500,1026831,233,50,126
177,198087920,49959,61,17,170
177,54005600,-4753,97,24,171
177,378224704,152233,79,21,252
178,21015995,6876,191,42,59
178,21029085,19966,149,34,157
178,63119045,91688,157,36,322
178,336427091,281187,199,45,262
178,273133322,14775,197,44,143
178,2521318943,224663,127,30,150
178,588728547,473215,71,19,211
178,369132798969,-123476575,193,43,314
179,26432952,10945,199,45,139
179,1715936607,-1493848,137,32,207
179,290583720,-58357,67,18,344
179,660891231,341056,73,20,477
179,898371243,23005,107,27,455
179,660582328,32153,79,21,362
179,7263670869,-2381056,131,31,410
179,343475055,-11036,89,23,207
179,528404877,-35263,197,44,372
179,36280789194573,70832698,97,24,407
180,28125000000,6723913,163,37,390
180,21140350,14673,73,20,66
180,3570522750,283337,127,30,139
180,7629600000,3230603,197,44,342
180,147709056,-170683,181,41,493
180,2007105408,166093,67,18,355
180,147861648,-18091,229,49,182
180,5174292992,-1497873,199,45,470
181,230641125,-2867,61,17,247
181,1008803081,-264384,17,6,107
181,201770283,-43210,149,34,264
181,2160553967,-1733458,383,75,179
181,115230115,-91881,83,22,216
181,4587983317489,-1860953810,263,55,282
181,33821450663,3275336,281,59,111
181,116649493103,1294149,131,31,161
182,74843671875,10592476,167,38,140
182,39830175,-6439,137,32,86
182,8800859375,-3032319,277,58,144
182,258854211,-83780,71,19,141
182,8455904226,-9376249,163,37,258
182,1811823750,-742187,61,17,190
182,854999627625,-670922788,311,63,367
183,3228194736,-937135,281,59,202
184,2886431782,1903937,113,29,84
184,9789333388653,9205094651,211,46,178
184,151915621,98366,359,71,71
184,151885734,68479,47,14,84
184,3672340425,-1637146,347,68,227
184,1033308419,951085,97,24,107
184,333963266,-34695,257,54,102
184,919358226007,863833257,131,31,330
184,2064265203,-449465,373,73,113
184,971614875,-15557,331,66,247
184,971568325,-62107,359,71,229
185,17889815275,91962,131,31,139
185,47905059917,1999145,181,41,388
185,33293887796,27873371,113,29,322
186,2946620880,4053967,233,50,414
186,1174062500,1151213,107,27,163
187,24393798,2881,67,18,77
187,4561334505,233026,67,18,99
187,20393268025,2461413,167,38,161
188,15943078125,5686424,103,26,314
189,55846700,-3397,79,21,85
189,4187271088,-1486187,307,62,471
189,130321000,4107,37,11,81
189,10034375000,-25761,277,58,226
189,5382833456,2607445,103,26,171
189,5119338112,-254113,73,20,288
190,104735334,-24661,271,57,52
190,418893651,-146329,83,22,74
190,83833035,25039,73,20,73
190,3183402915,-1300933,251,53,115
190,4774356895,-2698877,269,56,167
191,24286115,7332,47,14,49
192,517504691,170716,67,18,108
193,70195125,5177,167,38,76
193,17556750,9263,157,36,111
193,561515625,-3959,107,27,181
193,2805318087,-2279833,293,61,355
193,175585707,110837,79,21,257
193,17563975,16488,229,49,225
194,62589268,10537,257,54,138
194,6027729708,-688045,193,43,147
194,20863425,3848,37,11,126
195,18202665,-2534,181,41,80
195,6408408825,178777,79,21,219
195,800450525,-578231,157,36,176
195,17621296875,-1335757,307,62,459
195,11050182325,-18578667,283,60,470
195,236671875,4288,67,18,213
195,18191250,-13949,37,11,230
196,277799665,-26289,127,30,124
196,1071794405,180011,227,48,134
196,1349181925,-258423,191,42,190
196,178574375,-28024,113,29,322
196,1032221113,296141,97,24,106
197,403915908,257011,139,33,118
197,6863558625,1357376,167,38,258
197,451254375,106196,191,42,142
197,308828625,148292,283,60,232
197,23769900,25259,67,18,185
197,23765625,20984,61,17,133
197,14443515625,6773897,179,40,282
197,380291989,377733,83,22,310
198,377785135,-52152,53,15,51
198,278384067,-22355,263,55,210
198,48959905527,-39624745,211,46,504
198,557001549,188705,73,20,226
198,3499112295,-854153,251,53,309
198,19877998,-8175,109,28,75
199,66151091475,22331921,239,51,218
199,27992898360,15346241,283,60,373
199,1619079150,543077,283,60,151
200,198999167598,-47443513,479,91,151
200,237710778571,94581916,109,28,220
202,8279186167,4543674,211,46,98
202,73215558702,16798187,389,76,219
202,19108017901,12689071,499,94,192
202,718135273460,787420413,389,76,272
202,395616593372,343286591,317,65,251
202,932708322871,1492786928,383,75,279
202,181697213698,291589813,479,91,353
202,13376544350,9814169,97,24,160
202,6408382082674,10810413663,281,59,639
202,17209084445,23288498,331,66,398
202,7016009650,14389079,359,71,398
202,10834186935,13500598,227,48,187
202,29326920337,47416131,211,46,275
202,637767130,1256169,151,35,370
202,93706213315,139102048,223,47,288
202,286880565302903,658771937150,487,92,665
203,12851043920,1439281,271,57,282
203,114414036429,120184640,131,31,352
203,2030230202,1345259,151,35,340
203,19611810504,-743945,191,42,326
204,10931136975,4791148,401,78,269
204,575497536,426703,97,24,69
204,9783241360,7037199,163,37,167
204,575397900,327067,181,41,114
204,2526452960493,-408279709,257,54,336
204,7477167375,1246546,331,66,159
204,7476134820,213991,157,36,180
204,2055708907749,-169320226,151,35,192
205,92570283344,-8840059,463,89,529
205,3886639281800,-892626567,457,87,350
205,857511875000,561527603,223,47,312
206,11242345030,-453277,463,89,103
206,14697931612,-4189251,73,20,198
206,46766791088472,28748864995,211,46,481
206,49335249964,39903541,163,37,189
206,866083764,1253125,401,78,295
206,44099023826,-7338763,439,84,148
206,28739301955364,-3344331801,421,81,319
206,211867049251,-16457304,431,82,133
206,865098234,267595,491,93,167
207,570978203125,1270711,103,26,182
207,376584821250,71046977,349,69,119
207,87036791930,148997867,251,53,471
207,13595003037,314170,353,70,271
208,1078509257527,-74232723,367,72,167
209,943065123,233864,41,12,107
209,48087641602,3247393,521,97,130
209,17913552300,-241621,233,50,274
209,304526907360,-7589297,317,65,369
209,91915385014771227,8092061675255,139,33,671
209,943244575,413316,89,23,115
209,7615646045657,2283629232,269,56,283
210,662103515625,29007413,463,89,191
210,16752892743,-4732,13,5,79
210,1339996185,-235613,347,68,89
210,50874974775,-53833549,229,49,299
210,16752373587,-523888,239,51,208
210,319037585625,62417701,131,31,267
210,6034392250,3349159,311,63,86
210,114583984375,-5834354,227,48,171
210,2191904243750,2635601717,457,87,222
210,68068831990625,2479665599,439,84,241
210,670467250,351351,13,5,75
210,7366814325,-4460564,181,41,301
210,199236048010,211626007,409,79,230
210,68600613872549,-2501287576,283,60,197
210,156706397375,-100722991,419,80,226
210,669939354,-176545,67,18,221
210,670110221,-5678,167,38,114
210,739004248125,536527427,467,90,170
210,55863386254375,70206619534,241,52,338
210,1693506408085,2803994908,521,97,410
210,34174765625,-1145224,73,20,133
210,670215975,100076,197,44,122
210,18090543625,-2585648,401,78,156
211,9243987753,3910960,83,22,85
211,543698012,164083,79,21,122
211,1086669155,-398703,383,75,196
211,5983022500,4149281,271,57,277
211,10328870475,1725824,139,33,175
211,9241299375,1222582,197,44,205
211,1086858773,-209085,263,55,106
211,544104330,570401,89,23,193
211,543839945,306016,131,31,125
211,1631233912,632125,389,76,162
211,37535313200,31472099,181,41,328
211,543274270,-259659,163,37,155
212,6270472359,3083198,223,47,260
213,722216457765,-473727571,457,87,293
213,33289147125,7362274,373,73,516
213,32598117695,-4447057,409,79,229
213,825015604985,-916035399,439,84,310
213,180592000875,-80545459,461,88,433
213,4752440550,-2100143,283,60,249
213,709045935565,-59847791,521,97,349
213,679136094,-84005,317,65,95
213,33294138750,12353899,439,84,587
213,7473014640,1593551,281,59,173
213,679622400,402301,131,31,298
213,3672169417125,-1052878267,181,41,541
214,5349156488,4429387,431,82,157
214,45356519451320,64538465003,401,78,404
214,5246421499800,9352473263,281,59,504
214,764028720,496277,157,36,277
214,2294452160,3854831,239,51,564
215,2902718312,-362373,139,33,231
216,10546792648461,310146241,227,48,311
216,128504435004,-3124897,383,75,164
216,534606205518,-314425597,457,87,415
216,3163260771,-1950064,397,77,242
216,1432302829265,361447511,461,88,237
216,633062235,20068,173,39,123
217,725174406,22445,67,18,76
217,3624555924,-1203881,311,63,155
217,19901822906484,-7224182771,353,70,258
217,725390721,238760,127,30,125
217,3554567246736,597485875,433,83,317
217,1309108181238,208891633,353,70,440
218,154420034769,-26083261,283,60,142
218,1342951407,-58315,109,28,172
218,2030194354797,-1107849728,313,64,311
219,640267073,166852,101,25,53
219,14710180342,-12124741,439,84,224
219,8309020986,-12281887,499,94,422
219,2650225768820,-4269847667,449,86,583
219,595168557975,-764747776,167,38,422
219,12144069000,-17835199,277,58,636
220,307242965106,158147177,353,70,146
220,580957300,456699,79,21,159
220,67991209300,72638983,359,71,354
221,634622716,760965,523,98,188
221,108461789590,71430169,311,63,176
221,1904031416,2446163,263,55,268
222,4391913526,1830681,233,50,147
222,25477663445,15182944,421,81,85
222,178312529525,75166018,113,29,156
222,738569938925,158004396,211,46,135
222,301493697375,334014208,263,55,544
223,1779613550,89723,83,22,89
223,1778717395,-806432,79,21,311
223,122787451930,307867,103,26,221
223,1779229078,-294749,79,21,91
223,593662355,487746,79,21,158
223,2372414005,-284431,227,48,209
223,3907730853005,-1882994914,337,67,366
224,1231693125,-134357,113,29,77
224,1231693125,-134357,113,29,77
224,39404990625,-13488799,373,73,259
224,39404990625,-13488799,373,73,259
224,99181187500,19075199,331,66,170
224,99181187500,19075199,331,66,170
225,2621270647,-71114,37,11,55
225,1624360031462,1920229,181,41,151
226,585129545,-34472,139,33,86
226,42134415323,2606099,401,78,318
226,61454336801,12115016,389,76,200
226,29854927544,11562677,103,26,307
226,15799224584,-203875,233,50,396
226,28087201571,-671245,149,34,391
227,272153178500,-27619337,449,86,191
227,809879809375,-164899307,431,82,482
227,2167649770,1754827,229,49,329
228,185772744619,29408854,431,82,232
229,770843583315,436245427,241,52,256
229,3324781647,4060363,499,94,321
229,1487801821077,118685845,439,84,467
229,13286273585,3388449,211,46,82
229,451470900639,-147193985,89,23,95
229,53182824123,51283579,257,54,235
230,1549560086893,-51845607,241,52,190
231,55809530153,7009485,277,58,110
231,4140849968703437,1477725046637,383,75,405
232,456325677423,-310092427,521,97,206
232,87807470751,-7100374,419,80,196
232,43297359293682,4775729057,211,46,361
232,85619206880669,33794,277,58,375
233,760327997,-109892,331,66,49
233,31944859375,6468037,41,12,140
233,66181593478,23497135,373,73,135
233,2281973750,660083,199,45,100
233,75293739619,10388608,293,61,273
233,13689528125,1646123,311,63,218
233,24031073828125,15684855616,271,57,302
233,6849342500,5401499,443,85,280
233,61602506875,7037866,149,34,362
234,1007946630845,86473088,331,66,218
234,21115894625,17372804,283,60,164
234,1082694249,718771,373,73,146
234,12447935500,5217503,317,65,168
234,541504502,516763,313,64,204
235,4706955055,-1411986,127,30,116
235,9915170040655,-650947691,271,57,222
236,17618174145,5177093,137,32,128
236,20144730375,15590887,79,21,471
236,3147735168,2557123,431,82,238
236,1259263665,1192447,151,35,323
236,80470230225,-46327727,337,67,198
236,21391599075,4388369,241,52,126
236,1167184107045,-305983259,311,63,177
236,70451992875,4667,359,71,191
236,50315070267,-7778453,461,88,164
236,35237290275,11296171,409,79,300
237,2673033448829,-19316389,167,38,148
237,1268322838406897,-66905088703,373,73,396
238,861443869,-115194,263,55,75
238,59469331922,21756575,419,80,121
238,85307039363,12692126,467,90,207
238,147191689645,-134910128,397,77,256
238,11626254390751,-4792959749,131,31,424
238,232575918511,-45028499,229,49,336
239,770961955,-237718,223,47,46
239,20823992590,1601419,281,59,115
239,15822300338600,18105439811,431,82,593
239,18811483701374,2694876577,509,96,282
239,20813174375,-9216796,311,63,273
239,6945137500,4340443,541,99,471
239,772704492500,733619827,263,55,409
239,415887220125,210596378,401,78,381
239,131875071250,-72833,421,81,219
239,161272262500,91530843,521,97,391
240,8990672075,-169153,61,17,145
240,65937535625,4699953,271,57,182
241,71448842752,-53200123,59,16,402
241,71487900064,-14142811,409,79,287
241,128614947934,-88729241,193,43,334
241,14292039552,-8369023,281,59,227
241,4574963925,-1166819,191,42,158
241,15438390625,-6050636,211,46,254
241,7436131840,-80619,349,69,228
241,13718741855,-9650377,181,41,432
242,358801529457,31014997,491,93,128
242,1951562099403,1722346903,499,94,355
242,53869022935,53445766,359,71,167
242,8595439351821,545722801,239,51,355
242,3095323424935,-1802037936,461,88,247
242,844600994510,-69586273,137,32,210
242,7804950153,5591143,401,78,227
242,14838597774,19815655,353,70,326
242,102012199551500,103434919137,199,45,254
242,5459555085075,6243265283,307,62,435
243,163504270613,26742366,269,56,67
243,16616159261,6143022,109,28,66
243,65579752823,13899248,523,98,129
243,50708028723,3768625,73,20,124
243,5244888467,-379819,73,20,108
243,874047265,-164116,461,88,183
243,174629669896015,-148788873172,331,66,243
243,170304070147,-167149148,151,35,168
243,462157916549,-299904000,71,19,163
245,2635271488980,336941647,251,53,297
245,469276469298,-40741327,271,57,284
245,784409186106,-289190059,283,60,284
245,413720292492,-29760395,67,18,188
245,2069383542408,633277973,463,89,366
245,41920210903464,797650439,479,91,301
246,1764390628,311767,113,29,83
246,311556394240,490488417,359,71,256
246,587915328,-110959,107,27,125
246,587785380,-240907,383,75,159
246,588086100,59813,107,27,322
246,588009702,-16585,107,27,103
247,7826593088,1460019,293,61,162
248,28013685557,31886407,379,74,308
249,4070496144,1214449,463,89,183
249,4068696632,-585063,233,50,219
249,15479402224,16131783,239,51,318
249,139231842464,62408495,373,73,258
249,1522551022760768,733262309753,431,82,647
249,1628394779,682101,401,78,74
249,70870572773,65071280,149,34,181
250,62645078353,8689801,353,70,204
250,731424899156,-202917125,281,59,155
251,2253805443736,1014506611,439,84,460
252,2400654256,-1188647,157,36,199
252,4001423712,-1647793,227,48,265
252,15208525332,-3146387,311,63,240
252,394770631255,67780862,293,61,207
252,800613450,-851,37,11,191
252,92071253664,609049,521,97,359
252,23213469279,-4345450,373,73,97
252,612208049453,-261890812,229,49,259
252,6259930269021,-873564799,349,69,328
252,6708340097550,-1608359131,359,71,378
252,13607114157,-3328960,103,26,143
252,68004433224,-47782361,317,65,364
253,179751222464,-182211841,457,87,284
253,8853467104625,2153379441,277,58,328
253,2821971295,-513949,281,59,146
253,2114770190,-2093743,419,80,213
253,59977969216,157781,229,49,266
253,84677058037,2500717,509,96,204
253,281475912289,-66990800,449,86,142
253,2116812544,-51389,67,18,238
253,40201852040,-18562687,479,91,172
253,4284056691200,1640954741,353,70,276
254,1948534888295177,-44145433828,281,59,403
255,581357568,354029,241,52,172
255,1618826739712,1893890675,307,62,338
256,20617471875,5680673,397,77,100
256,53201141892899,-59726573069,409,79,510
256,3503776054779,-228449561,191,42,377
257,1029211722,-43885,131,31,70
257,328457008449,124469816,523,98,160
257,11322617712,806035,163,37,137
257,19556036955,180422,139,33,467
257,118343661093,-20733712,283,60,465
257,149329264392,87201377,461,88,220
257,8627957417772,1766175505,431,82,608
258,2739547756,1047427,433,83,99
258,8220394897,4893910,463,89,167
258,912932900,99457,367,72,89
258,31949105397,-65108,397,77,175
258,83073574144,5730831,509,96,190
258,16191714009097,-6515436938,439,84,311
258,2249230970125,9366573,281,59,261
259,544306357,86210,233,50,89
259,544104330,-115817,151,35,107
259,3808112829,-1428200,193,43,131
259,4354605801,844625,233,50,207
260,654371718,-179,179,40,174
260,1963314500,198809,373,73,88
260,654940640,568743,73,20,255
260,75281511162,28743007,373,73,219
260,7201950000,3859133,241,52,340
260,11120557500,-3764749,283,60,169
260,10656313281250,10336888957,491,93,333
260,11144585508,20263259,419,80,548
260,11138657166,14334917,379,74,381
260,62150289201,-15041014,97,24,292
260,654050775,-321122,523,98,203
260,550087963425,-238801952,439,84,257
260,3269904066,-1955419,173,39,251
260,158924609375,-87761596,241,52,322
260,18976971468,186455,419,80,330
260,18986377410,9592397,199,45,217
260,5893974800,4627727,197,44,341
260,6129960086250,458527051,509,96,320
260,654405752,33855,61,17,188
260,278120694852,12638627,313,64,173
260,11124359400,37151,383,75,204
260,127571030972,-31488943,337,67,254
261,728799435,-40598,383,75,132
261,684113955383573,-114508036530,419,80,451
261,2249645080826,-284101045,439,84,398
261,8746202075,121679,449,86,402
261,1499376186451,-576601463,283,60,192
262,646992392,-39237,41,12,81
262,42061843768,4787883,463,89,88
262,1421556460352,27971439,197,44,232
262,49804142293,-17293140,503,95,183
262,455725266115,214999299,487,92,255
263,100061896704,9284819,523,98,318
263,690078246,60233,67,18,75
263,16666378195896,-2386944145,367,72,308
263,700390184472,21901277,521,97,264
263,33808130928,-2751709,461,88,181
263,3451672367,1582302,181,41,97
263,116503776984,-109267213,409,79,296
263,3446803584,-3286481,173,39,362
263,20003421977,-7100400,97,24,115
263,10348585984,-1684211,179,40,202
264,12604989320,19869537,227,48,320
265,69609972075,-9408877,443,85,303
265,45886936347,1435265,311,63,315
266,78247400539,-33762506,149,34,130
266,143227940779,2405430,151,35,156
266,6381711583,3246446,211,46,136
266,95673999967,-2977088,257,54,135
267,4693004547,2004262,491,93,74
267,85440959362,64754175,109,28,141
268,2051629785,1787743,379,74,141
268,13328866320,4893047,347,68,155
268,123987372705,-28070836,383,75,271
268,17737487671680,3279245317,211,46,373
268,1025637042240,-308899781,379,74,277
268,146519927352,-43778651,317,65,311
268,1025964450,1043429,347,68,303
268,13331562496,7589223,157,36,310
268,1025126928,205907,337,67,151
270,24011456625,12633152,173,39,203
270,5796848700,4029241,197,44,282
270,1655671875,580601,41,12,102
270,1176541294038,598943861,347,68,356
270,6620038425,-326671,107,27,141
270,3311483175,1300627,293,61,219
270,204384681270,-19091069,523,98,377
270,4137858361,130176,113,29,190
270,20701941624,13300699,491,93,269
270,1655548349,457075,389,76,274
270,5793684728,865269,439,84,329
270,16556952477,6039737,113,29,484
270,9944081911192,9396539007,443,85,392
270,206799582899,-86826351,503,95,413
271,1014553724569,518283419,487,92,388
271,318193917624,-3410461,487,92,219
272,63903125000,-23951913,277,58,483
274,1988861875,-272823,431,82,307
274,14564147852709,2687296000,211,46,332
274,7953916971,-2621821,229,49,137
274,10895631169995,7107833143,503,95,473
274,28849811375,7358254,499,94,211
274,1990418625,1283927,499,94,320
274,87526591425,4664713,431,82,339
274,994524531,-42818,271,57,109
274,10952594250,12353411,173,39,360
275,1513247463,-453815,281,59,199
275,17409599870,2035173,487,92,137
275,261110072951,-3397504,127,30,113
275,330658428243,-85301000,433,83,255
275,89044476841528,1756013817,523,98,299
276,12563750000,6958151,149,34,332
276,8478232083750,10768780241,283,60,385
277,680077112,2173,53,15,83
277,3401999744,1625049,433,83,271
277,62628472413,61578025,379,74,362
277,12920698700,-725141,137,32,215
277,906121442304,941698495,467,90,363
277,680067864,-7075,283,60,142
277,129246158349,31919939,101,25,195
277,5442596835,1997323,239,51,199
277,680744064,669125,101,25,175
277,633517299844,367531635,521,97,269
278,74887595172,-14173883,337,67,239
278,14976333729,-4020082,509,96,116
278,146513312600886,80354098361,461,88,432
278,82770507768033,4052962258,449,86,418
279,22208557189,41309,409,79,203
279,293942403846,234781333,359,71,299
279,3888360450,1870171,271,57,80
279,17758515775,-8296929,383,75,227
279,17766328125,-484579,223,47,408
281,561981563,-53436,73,20,55
281,2092839224135,-179112141,59,16,251
282,3391118104231,3993277456,439,84,272
282,48202418723823,2245896488,199,45,328
283,4184843403,4520588,191,42,249
283,1673685585,1556459,281,59,160
283,1406539616625,279021659,367,72,243
283,121331497833,102136198,167,38,272
283,19241644565,12159616,331,66,159
283,1559040411500,1452130631,251,53,289
284,9168994597,-52680,439,84,52
284,64157442690,-25888249,509,96,181
284,2264949101700,194424281,353,70,323
284,705379180,67851,359,71,158
284,581103013653008,14642473133,199,45,392
285,634568298,347939,211,46,100
285,48219762591,19015307,421,81,148
285,9378853878193605,672420169,353,70,460
285,50741057367,3428647,409,79,171
285,405727901397,-173128363,347,68,284
285,3492739456037,-546281335,367,72,213
285,349375891680,-79526129,499,94,237
285,18386113382,-6277029,167,38,155
285,1268373249,-67469,67,18,103
285,6976764639,340690,157,36,118
285,31726413693,15395743,307,62,228
285,8245133127,268460,433,83,167
285,16021068232851,-5680239079,431,82,289
286,643623651,-164696,173,39,102
286,7081831134,159317,509,96,210
286,8371690719,2442208,457,87,63
286,18685262169,15400106,541,99,172
286,643955403,167056,197,44,146
286,485630012763,213599125,257,54,298
287,1525767111,-768215,467,90,253
287,3204110933100,-849983837,359,71,373
287,763092022,-175641,461,88,132
287,30522499623,-8206897,353,70,204
287,12977395200,1844929,199,45,314
287,220607180640,22826033,379,74,338
287,19080555858,-1135717,67,18,180
287,8486673464700288,8072626671029,347,68,586
287,12977500536,1950265,193,43,231
287,1102758279588,-163493447,521,97,353
287,17558460234,3303985,227,48,123
287,17562144600,6988351,313,64,188
287,9922591483,111864,79,21,213
287,220509305100,-75049507,347,68,350
289,9358277487,-2115283,373,73,139
289,141831100290412,-2251157013,487,92,184
289,192598688558003,-10113470287,241,52,333
289,24344617559,7596357,409,79,83
289,156508552560087,2785445687,487,92,427
290,78917996003,19207175,523,98,227
290,80676475905675,-9224380411,293,61,407
290,730718625,174284,233,50,84
290,1461204927,116245,347,68,174
290,176745664277,-46066245,227,48,354
290,1460987577,-101105,277,58,99
290,839985247283,-140744867,367,72,283
290,3654598662,1876957,317,65,124
290,1150650344987,43007912,109,28,320
290,182661005527,24920277,487,92,220
290,730665117,120776,487,92,141
290,2209363026507,-533605018,443,85,416
290,171349849225863,-72380389787,157,36,254
290,7302826377,-2617033,211,46,121
290,18252376961,-11231564,241,52,165
290,3649741407,-2980298,149,34,285
292,72876112397,1787354,307,62,63
292,109000684584,625759,89,23,272
292,372490192107,21419665,257,54,147
292,10588784778,207635,317,65,194
292,283453623288,53470343,179,40,311
292,622989252,131773,421,81,85
292,3113815608,-471787,311,63,204
292,10020838545315,-2806864232,449,86,190
292,157593914361,10972174,463,89,170
292,226032861980,-64402897,443,85,154
292,23276600735256,-2697542369,431,82,449
292,119680831478484,-23033123131,211,46,259
293,586915875,-225422,419,80,126
293,587487068,345771,373,73,209
293,15853202750,387731,127,30,147
293,11161948875,6264232,67,18,139
293,6461871325,3317058,61,17,117
293,379140409375,-152868487,263,55,251
293,39897236925,-28371271,211,46,210
293,587211625,70328,149,34,118
293,3855027892625,2793843008,409,79,222
293,587699697,558400,349,69,182
294,182503691349220,107385315377,379,74,338
294,182503691349220,107385315377,379,74,338
295,5684115580,2213881,191,42,150
295,164815493920,40344649,499,94,243
295,494502767360,177319547,211,46,456
295,13885950897,-3142145,307,62,187
295,76416703740,26692009,499,94,96
295,4416339917,-2916960,103,26,119
295,10045628275848,-8181119327,269,56,326
295,39771002920,-2308973,353,70,252
295,630953895,-368516,509,96,143
295,51075096004,-62019287,103,26,321
295,4419192492,-64385,163,37,211
295,263637627903,-255139895,137,32,234
295,630909972,-412439,157,36,201
295,8201094032,-6097311,509,96,269
295,17030777225,-14927872,197,44,207
296,4685841750,832463,151,35,80
296,229698125000,132669937,193,43,199
297,569634606,283459,353,70,210
298,16450733026,1167801,433,83,83
298,19093271589,11775928,409,79,145
298,709845593125,540340623,487,92,204
300,2363908715415,2402173504,617,112,271
300,3142150267815,-19593736,47,14,167
300,19519504875,2921884,433,83,114
301,347292195594,-100806377,167,38,104
301,353591706894811,-72652953876,167,38,291
301,13544576432431,-3750644438,547,100,184
301,1425884292965,-255399337,383,75,239
301,81525584610635,-2067799296,409,79,203
301,4756544085317,2745110977,599,108,231
302,3139851063375,674113099,467,90,216
302,757180967283,-551400025,227,48,265
302,216241779339,-253182749,67,18,450
302,160263260522469,-186568255000,421,81,676
302,13253480524089,-6835903801,491,93,293
303,151032561875,-18232362,599,108,211
303,43638811601550,-14867932943,599,108,271
303,561041289875,-4517291,569,103,202
303,106047328147123,31249277640,257,54,386
303,107831208573,-62215882,389,76,166
303,971451418399,410598304,353,70,322
304,299718581819,-37787568,211,46,50
304,70495387963,-35522481,571,104,130
304,52963236326,65053493,503,95,210
304,17643450825,10723214,631,114,278
304,6897232084050,2835588149,373,73,504
304,335160954700,139130091,359,71,251
304,17646505968,13778357,127,30,140
304,158694154556,-393943,607,110,98
304,17643306520,10578909,193,43,149
305,350820335173,-334665400,383,75,495
305,2483542674327,-1554252805,431,82,271
305,620770399795,-503831988,379,74,332
305,26979705025,-32218096,359,71,409
305,3861977053515,-727952788,587,106,199
305,674691591497,-606486528,457,87,396
305,27022059350,10136229,239,51,108
305,1053694025054,229023335,197,44,176
305,54016819519,-7026723,401,78,109
305,4565205562050,190554601,293,61,329
305,84351254081766,-61005671359,419,80,561
306,865800937500,375188333,653,118,127
306,66661139470250,23356784391,179,40,271
306,42405951373773,89664590,331,66,528
307,605265568830,-53108279,557,101,444
307,136736108262,51245689,281,59,324
307,2324872647396,1229983655,409,79,181
307,566598148116,332288885,383,75,179
307,3965752347687,1891333070,107,27,294
307,237835195810212,257378249399,601,109,368
307,1366625942253,-222683477,431,82,581
307,122853419671554,-26271781573,229,49,739
307,371182354686,180584845,439,84,531
307,273357923553,-11801593,631,114,132
307,390506107563,-22071217,157,36,262
307,97672337763,40293068,421,81,300
307,32824631634795,-18788200603,373,73,460
308,283469609375,16240704,337,67,171
308,335085937500,95592707,409,79,185
308,489670943125,69669966,347,68,234
309,328121408048,126056843,467,90,183
310,110671826055,1093123,137,32,138
310,27681739540,14056307,571,104,136
310,525476746025,-209235402,409,79,346
310,525662116694,-23864733,211,46,179
310,138340573371,2157206,433,83,228
311,3726627956519,414308384,59,16,103
311,8820233036836949,-1295486209926,661,120,365
312,18552454249536,11755455751,401,78,335
313,31203027466875,10856116808,311,63,291
313,45277949399826,58529395291,431,82,305
313,131974877853,139834108,251,53,287
313,26397848763,30840014,563,102,236
313,290271012395,233916156,353,70,141
313,290383474212,346377973,653,118,411
313,26393864250,26855501,607,110,245
313,26415640485,48631736,409,79,423
315,15716419377750,-2480057977,587,106,183
316,1060843989561265,312645848469,503,95,287
317,15345290252721,-813772919,317,65,170
318,4910341763059,15088707,463,89,132
318,5832935843750,1922917957,541,99,287
318,83728427200,29677069,199,45,166
318,251238816400,142566007,419,80,213
318,44166355475000,57114155963,317,65,357
320,4502508708412,2622354957,139,33,212
320,18144112309037,-590729088,461,88,211
321,553773667793,569850410,191,42,338
321,79068082951,38966182,571,104,107
321,26360332362,17293439,347,68,138
321,184486790862,85518401,149,34,174
322,2015535460939,2160309352,317,65,242
322,233564285955,129485771,181,41,347
322,280374994360461,-38559360569,521,97,188
322,87640733180,102683111,353,70,562
323,191827348695983,17132169440,241,52,208
323,126795113874,87347639,443,85,181
323,103548713477668459,-28803446664761,449,86,443
324,30179340100,-2382501,73,20,131
324,2082534361250,-4498219,239,51,287
324,52722382303955,-35268802593,587,106,317
324,207571736877148,12030550071,653,118,247
324,1580972233279075,325238942104,359,71,513
324,693635730515,-543889308,661,120,330
324,452299748537,-426090478,571,104,308
325,30349443375,1102712,461,88,73
325,759626334714,917818139,211,46,239
325,30341926485,-6414178,317,65,102
326,143150907510,-104599,257,54,169
326,21551037158875,-3415235823,331,66,360
326,102328788092634,-24185565301,311,63,413
326,1575499439375,838306176,457,87,202
326,1350819519325,1109976583,653,118,329
326,225124136250,172545793,277,58,230
327,149485586107,33842161,239,51,171
327,946312576495,-215135163,659,119,144
327,24921364455,12740464,379,74,172
327,8995514975733,3501714982,521,97,267
327,99712776735,78280771,521,97,252
327,946559317275,31605617,401,78,242
327,8996693186250,4679925499,347,68,350
328,32202090999,4471222,613,111,106
328,65165644358243,29859549372,211,46,324
328,225437652495,54314056,593,107,132
329,17060613752875,7086784228,353,70,180
329,20018534917993,-822827810,643,116,229
329,6678543996875,5424748274,281,59,302
329,19020236235,8500484,199,45,80
329,19019464255,7728504,257,54,113
329,22987027967750,1839444791,449,86,240
329,1539516728750,-433867081,599,108,319
329,247212619500,60054737,577,105,303
329,4621989006250,2137218757,373,73,331
329,742088462500,630768211,643,116,384
330,369896802548,-42007505,491,93,276
331,568914185763,581298338,439,84,402
333,591584508017155,-137221723063,631,114,136
333,2217615554375,-1495037053,383,75,566
335,593990078110,77240733,439,84,142
335,389127865412,12558165,379,74,182
335,610464263798103,351941787820,593,107,276
335,635634205492,761862089,607,110,321
335,96509906022075,9309824819,463,89,411
335,635447051525,574708122,167,38,284
336,20127946875,-958048,47,14,109
336,4165814778125,-868540936,179,40,337
336,583730468750,-7774017,263,55,221
336,20135062500,6157577,461,88,190
336,422467244375,-239759008,151,35,287
336,1751595690625,380962324,337,67,346
336,52355332808779,51104056,263,55,475
336,20116549915,-12355008,281,59,204
336,64046617578125,56828827908,257,54,279
336,342273421875,82038184,401,78,164
336,98917931651000,24621764301,619,113,327
337,399137984388,141059101,653,118,558
337,483062217911,65939932,509,96,162
337,719617227191863,-572222951172,659,119,409
337,719881345288248,-308104854787,631,114,625
338,119647974159,-15890936,277,58,153
338,318322966528000,41018148319,463,89,605
338,10449324411008,-9297398295,307,62,368
339,175842946243284320,114514145839557,337,67,333
339,334230272415325,-73077542203,643,116,334
340,34561782255,30229,43,13,197
340,5515971135402,3371687255,397,77,151
341,5496885376255,-183045201,277,58,172
341,20239827615,30017242,383,75,494
341,1172660629595,491627961,487,92,241
341,20218660133,8849760,179,40,125
341,8935270964781,2534779915,157,36,336
341,970103865325,32967421,509,96,371
341,323598161439,241195471,307,62,314
342,64022303821,-33872798,487,92,67
343,8173408994212,1290609237,337,67,163
343,326881747500,-2987899,523,98,172
343,851011669921875,995986801393,173,39,440
344,294458042151,10198421,163,37,150
344,2063106574659,1971668549,541,99,349
344,294618378873,170535143,337,67,193
344,442039318567,367552972,509,96,205
344,6160637346318,6677412361,619,113,313
345,7535918299767,-953831690,541,99,241
345,2778111489725,1369125504,83,22,139
345,7535150390625,-1721740832,503,95,247
345,10349431598874225,7653002073412,307,62,251
345,396884370025,206889422,107,27,83
345,6036528005625,2854748032,479,91,124
345,15087928752325,14184489411,631,114,219
346,149644974750,-16200977,613,111,151
347,303334063604,-218139901,269,56,230
347,1637440146251,-1741752676,409,79,315
347,627234175932,-107044645,311,63,228
347,122624281394706,-31045634881,619,113,260
347,465425057825,-21654216,79,21,178
348,116978204539,23954535,283,60,107
348,15468044291700,844728671,389,76,315
349,835514831998,-242355257,283,60,348
349,58001432557167,-37261002208,293,61,281
349,575451914625,-291925484,461,88,219
349,1726129766900,-1101753427,491,93,377
350,64280718205,38239012,593,107,165
350,1049306036823,12210004,307,62,97
350,97686529972608456,-22661886950005,547,100,474
352,23834201076,490939,157,36,99
352,23842097712,8387575,167,38,157
352,548103128976,-72204175,419,80,335
352,23839052328,5342191,439,84,219
352,262186853292,16041785,349,69,228
352,17040959098128,-143649827,179,40,496
353,456643563649,138048324,641,115,289
353,328503784891513,75456946095,547,100,310
354,19825539151,-8183136,83,22,65
354,46534937841029,5025355727,239,51,164
354,1478349595544756,162107216933,461,88,353
356,588025891185,-30830206,193,43,216
357,593894784420003,-192272451704,541,99,215
357,66045377519,33259640,317,65,114
357,638116755353,-384144,151,35,87
357,33165820427201,-16270826643,659,119,183
357,66017898685,5780806,409,79,119
357,858923635240,766102813,563,102,251
358,24506104469,-1665144,593,107,193
358,2136154645625,3978689294,191,42,424
358,2193153442708305,2134331536492,499,94,382
358,196097234905,35078001,311,63,255
358,5098750335525,1134256021,199,45,436
358,33157061507515,22556990739,659,119,449
359,18037814487,712648,389,76,61
359,21248752796887,1046830545,199,45,140
359,324836304317,168471215,271,57,247
359,974066071825,62572519,197,44,299
359,54127791641,16486124,127,30,123
360,447844379125,246295938,509,96,211
360,63202429476375000,23512436446763,599,108,455
360,2028423746232,1067722385,619,113,280
360,26336763341,7464330,421,81,151
360,26343227988,13928977,593,107,221
360,237250823056,287131957,601,109,301
360,421262648235,-6135941,179,40,178
360,40473931871227725,21175601943149,577,105,461
360,21207177059211,12091355356,457,87,316
361,109577839217,-32285348,431,82,118
361,981908823345912,-88282631923,421,81,357
361,411803048285244,-2189705461,269,56,267
361,2082551773302,-40593433,239,51,231
362,60251446346,-609715,619,113,154
362,341178915539,-249402140,139,33,182
363,19093742525,1688872,271,57,65
363,19101816250,9762597,461,88,218
363,19087604250,-4449403,179,40,197
363,1317362921875,11219818,461,88,240
363,171816821875,-11661002,353,70,357
363,248208281250,11583761,257,54,287
363,5330761718750,4078749563,281,59,600
363,15978638406250,-1410501311,577,105,431
364,251075409750,139221481,541,99,150
364,16160053496125,3623528344,653,118,262
364,23999897522313125,13853122081352,571,104,324
364,15555851264613,-2192408065,509,96,187
364,179901708246403,96277959808,631,114,247
365,111217051753808,35139351201,569,103,175
365,3225120243549204,844783873601,457,87,471
365,22622024568,-8122471,277,58,339
365,22621865728,-8281311,467,90,317
365,22628045440,-2101599,281,59,217
365,15087786417088,-6521657925,653,118,538
366,982910618371,588431259,199,45,266
366,461633709504000,310652381527,653,118,339
366,228077181600,38102449,317,65,180
366,156408484589715,-26323707871,521,97,309
367,657914885088021,227360806771,601,109,432
367,315500213938,-189797717,349,69,400
369,2880002532407,551517475,569,103,212
369,99301595525,10181217,593,107,242
369,1390424194687,344394375,199,45,304
369,1736827454263,-772296127,373,73,308
370,442297521575,91556256,313,64,171
370,753805183131,-546169472,503,95,459
370,233052860602870,10316879757,271,57,220
371,59279472395,-16158387,383,75,169
371,1126057117185,-559867673,283,60,384
371,29623546095,-24269296,547,100,452
371,28480883537106,-10667053645,461,88,322
371,473994646125,-370400131,461,88,594
371,562816877805,-491614624,631,114,368
371,2016077070975,25624387,179,40,374
371,6196345816596,-47600123,521,97,245
372,976068321404,415923873,233,50,163
372,1811687355330,-238525799,307,62,132
373,86864077377,36001682,137,32,279
374,2173661317935877,-68831797311,577,105,263
375,252618213375,-334693312,587,106,350
375,58354712108,-19035589,419,80,291
375,253035454500,82547813,617,112,239
375,602854386750,-341006119,433,83,295
375,13880842650675,7348614688,571,104,171
375,1575910478125,-180709694,89,23,209
375,10288728296875,-4509213696,617,112,306
376,19856396375075,-1663790029,461,88,236
376,6027101898125,-1237794853,509,96,235
378,14154400280457038,4586968396953,383,75,293
378,563143950187,23332853,419,80,140
378,563624630465,504013131,311,63,302
379,27849083275,7771652,563,102,233
379,27838254171,-3057452,181,41,158
379,473326717500,24419909,167,38,343
379,37085928525000,29142754787,353,70,436
379,39209397013125,8830247941,149,34,636
379,222808004995,77512011,613,111,166
379,320068678111875,116324940359,449,86,719
380,300974836215625,163442463042,479,91,404
382,64447102459,-8159312,277,58,144
382,2598782904081,-912654016,613,111,231
382,171852812131,-27885925,151,35,255
382,1180651137887,-1028661248,631,114,212
382,42977247885,7073371,607,110,114
382,27763760439415,5027703371,641,115,349
382,42977806443,7631929,149,34,246
382,494242390334,85383423,293,61,177
382,70252150201507,60370132888,307,62,254
382,29542000622589,5644214,577,105,328
382,1481957763650,-513257083,397,77,398
382,322264768111,-11540744,307,62,286
382,2900149630807,-337148888,431,82,176
383,53268359375,48334064,431,82,202
383,5127467091285,604652992,563,102,152
383,692067781075,207452032,433,83,376
383,5994133494503,-1989357203,281,59,277
383,3922511525625,1969661048,577,105,244
383,230557848647,-62261034,449,86,192
383,1100188208735,307685641,491,93,138
384,6271579279485,4350070442,467,90,388
384,29989914507,3171880,443,85,154
384,150053883447,120170312,397,77,265
384,17691110024445,28918617142,421,81,617
384,96281455894047,-5974681250,467,90,170
385,24772220616,8527223,641,115,119
385,158955082286000,46461783119,461,88,289
385,569558756844,-6191195,383,75,148
385,165149834465000,763227083,157,36,405
385,74287968755,-3111424,103,26,211
385,1782985463875,-460421,331,66,232
385,148558630745,-23529613,137,32,149
385,26076219924832,50782003,239,51,411
386,696624874587675,795948761702,461,88,439
386,11378222431875,13509848824,241,52,541
387,188599402074083,99615083091,599,108,268
389,2664905375461,-1954639996,557,101,256
389,374624769442,-58042647,139,33,117
389,142706697562835,-91534173908,557,101,257
390,4729794302250,7220925313,463,89,390
391,99639406546537,-3536265470,491,93,349
391,2093735297257747,1233498205600,457,87,413
391,32273474366,-4770795,353,70,86
391,1258771972531,-79588748,659,119,130
392,61555587079,-12963872,241,52,85
392,40931138694147134783,20166652613829236,661,120,561
393,81390347500,23046967,457,87,129
393,352724075000,132439357,197,44,315
393,417056893437500,-59011528169,521,97,434
393,1846972644103125,-254935030552,239,51,392
393,87414071247085,-28654392379,431,82,359
393,27116762475,-5671036,601,109,108
394,45907015167,6676465,239,51,129
394,9984508879631,1185211946,443,85,179
394,83717563758257,-4654034191,593,107,323
394,23503737819419,2764403995,569,103,342
395,47768432855,7847497,167,38,160
395,334559628975,235531469,241,52,307
395,1385301452535,244477153,277,58,211
395,1385004081825,-52893557,487,92,275
395,623284588780425,701478346216,419,80,431
395,71646292025,5413988,233,50,171
396,15525101891733,-12948718892,421,81,210
396,18873537959185,4129297642,641,115,133
396,5195860161765,-63962428,569,103,232
398,26023556701,-39750,53,15,58
398,286537214250,277653289,421,81,202
398,166466242999050083159,101833115721268859,523,98,517
399,1993687538843,205831904,317,65,182
399,5260360840625,2191700583,467,90,453
399,28870937095,-20102136,659,119,297
399,6383767872125,-1151797926,337,67,329
399,9331594715625,-210955988,149,34,357
399,751104948125,-62071881,601,109,259
399,28872857559,-18181672,191,42,142
399,4478181008301,69927496,541,99,298
399,28873790439,-17248792,173,39,205
399,1964348564165,-242103543,233,50,305
399,50154817978551,-26126465,523,98,305
399,25544899224579,5220544375,641,115,255
399,39058469247231,-2215793081,277,58,350
399,3434635509525,-3398158964,619,113,552
400,7326599498309,310339856,587,106,153
400,47457696473071661,-4446791773024,761,134,264
400,21146664622545,-18170724097,797,138,445
400,126861898860263,-127113219589,811,140,443
401,1149478937821019,711076598084,809,139,274
401,1042790411288545777,-14937717284448,709,126,379
401,9059125523135,740954352,491,93,102
401,461997064006205,19450998272,317,65,257
402,1880148026240,1642537469,787,137,228
402,892794021362386,503914196161,613,111,319
402,6269827682547,8142719977,653,118,356
402,30060804818297,4716997961,757,133,170
404,986366011020,-619124429,719,127,269
404,474424531331289,-315318819680,349,69,285
404,986921372052,-63763397,487,92,131
404,986294771280,-690364169,163,37,327
404,986486527488,-498607961,761,134,303
405,1927553972729,29236447,283,60,66
405,67441728835811,-21636934059,173,39,181
405,53004705490191,-2224757564,103,26,145
407,97747314232645,18197368513,809,139,296
407,89583316083520,-1707708601,397,77,251
407,1800853963657056,1009394742625,373,73,351
408,6032834414052933,86487387187,569,103,388
410,5786627598648,530679017,691,124,199
410,826927346700,342072467,547,100,281
410,10745989375360,380810331,457,87,194
410,20546342214724818,-11660140724125,457,87,276
410,9091764899235,-673117328,179,40,360
411,133383748334614193,-306733205400028,523,98,759
411,5349087777442405997,-13385982107053312,787,137,922
413,9865160386851,-2452189906,439,84,160
413,322555252666647,-39773881178,769,135,492
414,64897346453688,9143112883,761,134,338
414,724256485383816,503448120991,757,133,383
415,1601446886979121,67808627776,113,29,160
415,182789166364524565,5874386115751,719,127,371
415,53721179551642,-7007390865,709,126,130
415,452117398843225,-36693867743,811,140,332
417,127515249439375,183857896139,263,55,417
418,584423836449543,-504800830877,641,115,371
419,542678855468750,-419647561703,311,63,404
419,5060702912271825,-4126527999094,677,122,356
419,20390348037500000,-3937128022873,631,114,449
419,12260011597600,-9752442327,673,121,339
421,612316103049,294804302,577,105,109
421,267595901906760,142594354321,463,89,240
421,612643488660,622189913,397,77,239
421,612176808132,155509385,599,108,235
421,17748040837842,-576825821,743,131,134
421,18974330592084,1670330927,373,73,193
421,612272872575,251573828,463,89,308
421,419646224680731,-200386259711,463,89,244
421,7956971379441,694495730,353,70,184
421,197751324521205,68445025924,701,125,300
422,12342127064069,947553404,491,93,124
423,35930638297645,5711619352,751,132,173
423,1892218288142,1432673495,541,99,201
423,87903675167120813,79834676125408,787,137,339
424,56391214651625,-56152908829,827,143,388
426,649628574628,-4152915,229,49,210
426,4549856085060,2426992259,487,92,308
426,12345897070822,2875247505,409,79,199
426,33131646805642,377700949,59,16,197
427,516131847252252,-420726488635,397,77,407
428,1055721346875,644295718,503,95,116
428,1055446746750,369695593,373,73,213
428,7390537171875,4997813776,569,103,187
428,46427908763205,4518512297,97,24,597
430,642515665808423,-486173792528,433,83,254
430,153206515347166611,21064974535949,421,81,317
431,55684368718615,1097498551,461,88,525
432,8700561573848529,4173978593788,521,97,308
432,608372807835,106206782,709,126,137
432,55344567335475,-7693360348,619,113,175
432,17644676785875,4945355338,757,133,339
434,539546565546875,-332494058986,683,123,316
434,3239310864040625,36506405459,109,28,355
434,82212646484375,8839054676,521,97,231
434,6477961922265625,-586793004707,409,79,506
435,71612287906640,15517814279,647,117,427
435,310293191834720,40521434489,827,143,543
435,849614867085101,176644137460,571,104,130
435,7645167744416774,223737888005,229,49,251
435,549180291659428,271720951327,389,76,391
437,1264528315549415,-69634403098,499,94,430
438,66308986505762,-2058627871,743,131,184
439,334990041089931909,79922521584041,787,137,427
439,858259540933,773293664,487,92,120
441,221627701351875,70247435782,743,131,190
441,13039536510000,6745103171,491,93,709
441,244438854045750,-117643529453,787,137,404
441,28366227218700,740039131,823,142,623
442,1547583389017329664,1405308007470155,743,131,531
444,142430425502365,242636192146,479,91,588
444,254130908203125,182346225203,499,94,340
444,585873056133,738120700,401,78,313
444,7373328009453125,8819712093387,787,137,470
444,7606593372609,-160788020,569,103,280
444,7609172097373,2417936744,541,99,209
444,526344366769375,308059815108,719,127,407
444,585637063935,502128502,809,139,169
444,15216035608125,2527286867,479,91,276
446,215549322570218,159048233483,719,127,251
447,30562371149145,1998738112,181,41,237
447,113950251783029,-31677750013,691,124,274
447,20635648243749,-13252033976,503,95,255
447,2479270337500,1402304173,83,22,280
447,5783932034595,2239956832,449,86,120
447,5779402458687,-2289619076,709,126,256
447,1130786931682386,53152474165,557,101,364
447,14051342941650,10090752797,823,142,188
447,14037314743375,-3937445478,103,26,155
450,106796998462336,172536275631,467,90,347
450,5034153731567961,743775236956,677,122,306
450,3677261513464,555920819,449,86,156
450,666769771132270036,47009078803671,733,129,411
452,8890665122339,-3903289216,653,118,239
452,122674943065675,-70101013784,193,43,456
453,552393359375,80922498,293,61,282
453,108280110829605,26873201713,307,62,408
454,12406985395168,-778611287,547,100,342
454,2076847011732256,-212682948311,647,117,446
454,30599920710198,-5897172391,461,88,320
454,144681923585664,-75323156311,727,128,491
454,826875144290,-309122807,211,46,245
455,63617186311155,1946410919,563,102,122
456,366398559837245,-15579796034,281,59,142
456,838493677619,17385552,769,135,109
456,45303447267455,25727495837,577,105,126
456,52836229322435,12222922214,271,57,207
456,2516761420225,1332544024,419,80,166
457,10125269641435,1617153816,479,91,147
457,111459560766694,99383402885,509,96,686
459,3275559059136,-1763070629,317,65,218
459,346598709003316,-141972325821,499,94,407
459,3278001856272,679726507,409,79,466
459,1281003392075264,-429560662851,743,131,516
459,256338494810112,51904262489,827,143,367
459,24213792478512,-38391281749,389,76,647
459,11141098502144,-1796739057,647,117,543
460,36223578337890625,62747499511392,673,121,673
460,1380385535343750,1183380605167,487,92,584
462,2853729581388,95794583,619,113,248
462,1141958033125,504518403,457,87,146
462,13127520305536,804886233,821,141,273
462,571085708375,358951014,227,48,143
463,128776016870060,-112274348917,113,29,358
464,36636145602875,-7736766213,571,104,227
464,780908618333025,-64124658163,367,72,435
465,2048772116875,170377606,281,59,234
465,52562678094875,-18099879696,761,134,362
466,1669287530712835,-106030405269,311,63,194
467,580487109375,-54325114,797,138,140
467,2176250228367271875,193997560594417,821,141,361
467,49322719451642,-23302479923,353,70,297
467,579977938540,-563495949,733,129,335
467,44657340530205,-44349925448,727,128,292
467,2901284815884,-1422356561,673,121,256
469,1028261859257,63901488,269,56,77
469,2057297196669,901281131,593,107,140
469,1028764529639,566571870,521,97,131
469,1028369977635,172019866,257,54,175
470,43178548635365,57212521832,761,134,347
470,847536498413,2020104030,101,25,633
470,935105849876639,810234083424,647,117,215
472,34910823438491,4927388210,421,81,221
472,512656154135125,90627923104,787,137,367
473,3863843937465589,20955398944,631,114,332
473,2587568724598,3071746627,773,136,326
473,43975584622255,39135996748,587,106,193
473,862230089595,731096938,397,77,358
473,19831567686931,17090855820,769,135,203
474,123746757081920,164236584231,461,88,333
474,1172243748830247016,1554702900795991,761,134,569
475,8982581364770805,-202049616544,439,84,292
476,22315616947624,-1058422749,281,59,179
476,22307783025528,-8892344845,487,92,407
477,97845707762127,48312218741,367,72,168
477,1271898987359,1802941341,641,115,303
477,12069260853804,3348416633,787,137,255
478,14195666392435,1976214811,601,109,155
478,52014655212325,-28875438963,773,136,377
479,351888806747205,71357520071,503,95,272
479,15979745110075,-11957127522,283,60,247
480,5902563660738814055,2197931100849173,659,119,463
481,772367986354,-2215,443,85,54
481,20858597180750,4661489387,593,107,392
481,30119846512000,-2505042191,461,88,443
481,771927824360,-440164209,701,125,232
483,8659778595989248,5286007868075,173,39,556
485,1002863615355,363670934,491,93,166
485,274024426436101,341941609168,809,139,332
488,1362230059309,17499203,607,110,115
488,17036231327401,8574326076,827,143,172
488,6132849826873,2893306396,733,129,334
488,25211321836571,10389474610,521,97,227
488,2044004065403,685225244,353,70,206
488,20433249777941,61376351,271,57,320
488,256876390995125,99323415144,353,70,146
490,1117616605875,8821397,181,41,230
490,2233969269525,-1246299431,571,104,264
490,20664647011305,-11097001538,317,65,339
490,20685244453500,9500440657,397,77,225
490,6146766003078,-76811551,521,97,212
492,3381419375191,-2006701835,521,97,204
492,563750584320,-153761851,67,18,386
492,2819894251328,372520473,151,35,347
492,31996584345628672,26027439463827,701,125,423
492,16356956172128,3730133169,457,87,226
492,564510588928,606242757,809,139,438
492,16363745542144,10519503185,521,97,544
493,10493879846362,-2012996671,269,56,131
493,806641008173,-735364368,601,109,436
493,4032162195347,-4719667358,463,89,403
493,13722882620304,-2515712893,157,36,278
493,807161797416,-214575125,263,55,250
493,807579709532,203336991,271,57,246
494,101916516553533,-53611048888,197,44,246
494,1206119474703,-627597515,331,66,143
496,17396542587894931,2874171772,431,82,509
496,9122441336239,1889950204,809,139,224
496,18850014277913,874746774,283,60,139
497,8315983741247,-1122553140,443,85,251
497,49156752270031,10215075926,337,67,310
497,14362531767045,-3379105078,733,129,393
497,755761138825,-339433392,727,128,198
501,12998266951602690625,-12257944971036768,919,156,452
502,1463722885691346,1813358117981,673,121,411
502,517988001138300,696937535417,733,129,501
502,22507632580368,16716771547,311,63,522
502,517965386758456,674323155573,881,151,505
502,45005121447975,23289830333,491,93,451
504,7318605021619430,3255186606887,761,134,330
506,12024493078922469,-12872920882450,997,167,464
506,137603037246642,-124262522293,661,120,353
507,23367915785500,-4137772911,787,137,441
507,51119174033223140,4492900978283,997,167,441
507,4412606171366107,-4711951173572,619,113,288
508,3048278637903499,543460203431,577,105,198
508,12195052427416859,4111716616587,911,155,342
508,111509736121225,7229620003,739,130,291
508,725312794843175,546502585232,653,118,426
510,231809685548410751,-122983007151379,733,129,223
510,154185978528671,4717380624,607,110,250
511,911697600563120,131609211201,541,99,225
513,921349107682675425,1061009403235304,701,125,414
513,852835332228750,1233339500719,827,143,419
513,29393442870264,27856914125,449,86,245
513,29393004195243,27418239104,313,64,384
513,16206546385575000,26108523742411,599,108,636
513,16202887962680250,22450100847661,607,110,496
514,408989974063970,-32996360413,421,81,233
516,3173648333679902,-878195585113,727,128,213
516,2139701291944326,-164738893573,691,124,322
516,352738270430689,13100512354,823,142,156
517,18337749559129,10835982228,809,139,115
517,1864417524255570921,-547528243451740,983,165,410
517,28361597300634143,-45118743562407,773,136,577
521,333457089661553,-102291929253,911,155,260
524,456352943812831,18447588318,883,152,128
524,396674791415903,-137813996717,991,166,308
524,515569656533281,-286730503125,241,52,153
524,1884960433333978,100557624033,571,104,444
524,19852973568659,12343298028,541,99,279
524,2400254263008719,-461999737632,557,101,214
526,45580259335213603,-81219576728,641,115,225
527,806887090933779616,107808857516601,937,158,309
528,168511800475821999,-63851211696670,587,106,410
529,18526974281088,-156232975,103,26,223
529,367853242803854248,-2933552866617,911,155,415
529,2647831441473119048,582397971227293,859,148,310
530,5105374954445337,-1212412595725,743,131,207
530,750713626151151,-255104296064,823,142,221
531,129914973688071,67805555984,811,140,260
531,18550989796570,1394349129,983,165,235
531,529762517433035645,-32478141326756,811,140,411
533,33872583237865,16788451628,193,43,127
538,534610030325448,-41083161353,769,135,297
539,287186597917233,1390510363,727,128,181
539,28739616690687,21095950000,191,42,151
539,229622979630759,-125186294737,547,100,537
539,1843496985966015653,629510036130863,929,157,417
539,2126476305177189,1305770366351,761,134,316
539,57428006527437,-9034953937,991,166,182
540,42335982996125,-7219414829,409,79,323
540,486758590621875,-188237104096,601,109,388
540,21172568113125,966907648,797,138,286
540,42366449670545,23247259591,349,69,352
540,42348205667625,5003256671,953,161,545
540,5231862521016215,2477023263396,709,126,175
540,1227940022335325,-12847582341,773,136,450
540,381195578099375,106756400789,193,43,212
540,2075620131388375,803213251629,571,104,368
543,23848319945307,-2585862676,853,146,239
546,385538815411750,4353384033,751,132,225
546,628952585078125,-77326651308,251,53,188
548,20470458295625,1146732334,641,115,274
548,34080172612175532837,14448351953498743,1009,168,303
548,20481334440450,12022877159,311,63,273
549,667920683574375,554402731753,877,150,475
549,79417831118566875,1243698294857,761,134,395
549,19633415122475,4995097692,607,110,290
549,300201951324316979,220808085558390,1009,168,332
551,16031193931433407232,-8591323820422773,443,85,439
551,273447844136614889,4519618774128,809,139,220
553,57072723906627,78229157389,367,72,375
553,1455830741599234,2471125493665,929,157,393
553,28544777613443,47530238824,541,99,439
553,255696817524520008,389978295308387,953,161,493
553,456287498052113,331540058209,487,92,347
553,25675501473497551571,6035955861994941,601,109,271
554,360552602141640750,-168747343244093,751,132,339
555,126522631358162,-10656472083,839,145,336
557,1533123478120003,-110016029952,641,115,196
557,306642630028392,-4068801599,947,160,352
557,684515737717344,457717250441,607,110,330
558,1896508293161625,-461816950913,839,145,323
558,9660402380687025,-3891288399824,997,167,240
558,1127044434268125,-883739312303,929,157,610
558,25618029868310,-16701349427,463,89,183
559,253880438754320,114235656783,439,84,183
559,19523258964440,2781803091,719,127,163
559,10413767413847474,9353086848457,523,98,220
559,175599815504480125,52164392468568,911,155,355
560,2743872128285967,-36421077908,1009,168,423
560,3533621884517439,-532327063232,977,164,582
560,109754190102843,-2151871712,521,97,520
561,31856439048291,30096531250,167,38,446
564,505522095964983125,3494490799204,631,114,272
565,156639846841493725,-205284401205416,997,167,489
565,8334351951371725,-413476984268,439,84,170
568,19125776953125,366147452,709,126,154
568,784140507534033,-1335498560,823,142,180
568,8618908128918750,-6652144439773,881,151,333
568,12410358170589843750,-254779087005661,761,134,592
569,124215395242107785,67261767088,227,48,393
569,11696504692165909,-2445865539309,827,143,151
569,235390352652147,-37444948732,211,46,209
570,20357053359247,16847069660,839,145,98
571,27579147360639875,-906404086134,347,68,348
571,2796552215074076875,-13157889411608,929,157,384
572,514620589099617,-130538810230,877,150,254
573,4873631673092539,-1767713729015,743,131,152
576,14218424312522395,-2968096040846,479,91,323
577,7175799187261694,-10017707635,617,112,219
577,19438133326892,-8504084949,733,129,202
579,253244923850160,195264262097,401,78,265
580,102508573010606,-71046619779,163,37,286
581,494777660959750472447,-35817206112544000,571,104,336
581,14145682590873449,6820122786612,809,139,367
582,97940942643720654,9033549169919,977,164,246
582,1672850670648356059,89821488758784,557,101,520
582,1164588936988061,119149894711,641,115,472
583,475534832891976,24843049157,571,104,389
583,1063145624357817,240941179751,557,101,227
583,979350895344393,359739785648,919,156,199
584,22111735241855,-2059304316,569,103,69
584,818445124684005,234726475678,997,167,183
584,847528642259351247,-137330284475525,719,127,334
585,29799428390501887,1074825010222,643,116,296
585,29799428390501887,1074825010222,643,116,296
585,43354036394642566,-14822777298117,953,161,360
585,43354036394642566,-14822777298117,953,161,360
586,289330232111106375,188725445857124,823,142,280
587,9634404356387615,4998797309748,379,74,174
588,187978423892480962,127859006072437,653,118,381
589,19111186962868,13637733969,859,148,152
589,13438322107935725,12745000019728,853,146,441
589,2176355293060949,-765319033537,283,60,260
589,324867453165710,209116274427,953,161,320
590,86902869910417,135574581856,859,148,388
590,58598352865263112,88273382036811,631,114,586
590,492105803628915,424463433736,307,62,362
590,12085242910887283,-4333571558883,281,59,280
591,887195362286480,56899597473,617,112,219
591,23978297044480,1581836669,761,134,278
591,503509570938400,-1448425631,97,24,284
591,2301709663885775,-54996064081,487,92,305
592,593868758762758479,-144739048535962,727,128,434
593,114970919997219,43973245375,467,90,292
593,718702931212101,409514013076,557,101,435
593,3591619592299893,152506304768,929,157,544
593,1436646288104523,59453706473,953,161,352
593,86201488914211,6278850328,541,99,220
595,1856312997243107,2433903128276,683,123,519
595,58858390904875,5086329801,197,44,275
597,2353850764854213254,-1134548848048459,659,119,420
597,7782947892118135,1500189467266,997,167,230
598,68096767578125,28182495104,977,164,477
599,341286990847649,-253812162564,859,148,440
599,341525274160994,-15528849219,797,138,255
599,10625535175603161,-2410988655820,823,142,262
599,14344391823430625,-321902998321,643,116,412
599,1386595523215870,341675703829,569,103,411
605,3174098940468500,703641712529,607,110,519
605,1058230872792500,432439873843,691,124,614
606,656527729328757,35773379264,641,115,283
606,87346143727670025,32713586387456,389,76,347
607,54325174826075895,-11844346962907,1093,182,344
607,58312295703330375,-602921394193,947,160,660
612,3800520301444514267,1405157365442905,1033,173,303
613,12948082006866127,-6460162127910,587,106,187
613,2044031804266892,-1422222416377,499,94,418
613,12936914909765275,-17627259228762,983,165,549
613,681177828170697,-640180723726,433,83,365
614,75388005900554927,32860315062000,521,97,207
615,765524131043350,-318026531119,1021,171,199
615,1878359855676107111,1280727461083592,1193,195,608
617,4678381613873660121,-145553025593138,677,122,267
618,9075010396349597,-14587078360922,1151,189,834
620,12984086771896877,-8034120311625,643,116,477
620,88570408932899803,-12233513976347,569,103,420
621,2716539737276990625,2242009930524293,1193,195,429
621,1258116914400147495,271626117638707,677,122,510
623,10523651691453137,-5251768339334,443,85,150
624,947802563099893951,237026276874541,977,164,455
626,9149156500797313,-91085432175,787,137,488
626,413196713356972545,336916028366899,809,139,521
627,12230604362851875,-14091816327917,1153,190,465
627,230156522410347962,-196824460471875,877,150,556
628,25066385243297671,-3395114874540,1187,194,118
628,5185664316811979,-1186791775375,1109,185,230
630,85659135253571466125,79402261490974577,683,123,425
630,710379230859375,833472625696,647,117,522
630,323674772455890625,121906701333001,1129,188,832
632,20480662872920560,249095892447,739,130,179
632,8621453604440629,-1878512202787,983,165,244
634,809804598003012500,-135691876738717,1187,194,526
634,1114696146881515625,-381352944743012,1151,189,580
634,21891159592531250,881487673109,1193,195,622
634,326351021129296625,-13125161315659,1049,175,352
636,502163497691000145,543904617495392,1031,172,451
639,25104322905133472,-2523764525103,311,63,535
639,95349872046477048,-56145298225537,1063,178,368
640,12870083303799375,-5130082860227,751,132,200
640,1204957024702734375,1124573050061588,1123,187,315
641,6891265237979024925,4237734123201952,1063,178,322
643,284687050734196454,-196843007387179,641,115,259
646,12513619977376833,7802936141990,1039,174,382
646,15442846832192092467,-1837213732938638,547,100,245
647,14225381096013351,7873785434060,1021,171,262
650,6465203303689660375,-5735680076651636,1171,192,340
650,8621846114171611750,-9947808718005793,743,131,413
651,20122069201305517875,-4448503480087933,967,162,683
652,26981024117549502,-10828695507365,859,148,241
653,3413359470224363275,-4417389831423564,941,159,465
655,2102252373297713,1164034518236,1103,184,370
655,1950639325755628872,1529710147867375,1171,192,488
656,625545516276296,424659241035,1103,184,213
659,8813562397707177,-3032091008954,619,113,195
659,678489114180537,289538125450,227,48,383
659,5662365341214327343,77080730405980,1181,193,372
662,337746779539912365,-79304743376,379,74,273
662,3110818527467757825,-1929549992447788,1109,185,414
662,40702840197414745,-23392262023993,619,113,274
662,465052702446158323,-490265150529320,887,153,386
664,17601534610646441,-67889301084,449,86,307
664,704349083205768,284983207867,911,155,262
664,11973665373595380,4575673631063,887,153,259
667,47675308175517150,3519688595341,587,106,271
667,4864557683696193,89470744988,1031,172,410
668,55880987634593847,12354804313850,971,163,345
670,1206540470325956780,-138365289138439,1097,183,405
671,3792454473302613846,4992389312437,1021,171,682
674,633085523410340,371391827491,983,165,129
674,633045334084800,331202501951,797,138,181
674,6975097038384384,15241590973045,401,78,412
675,13579304594882254371,-4538063538281203,907,154,421
681,581505724346415,395685969298,677,122,310
682,36172657862760991,9560050390093,1181,193,242
682,5152300803430354613,-940634832498352,877,150,364
683,5213945857811601625,-586184022482638,563,102,201
683,5214529858752795559,-2183081288704,953,161,578
683,24456551250302990,5991352411,1171,192,284
686,761040694972219670901,130924031450977657,947,160,669
687,8308944652524635,-1878001149069,1021,171,330
687,216138331247275569,56942251759265,953,161,507
687,2078400632076125,694968657699,613,111,337
689,1886724845303830,31079606113,1163,191,297
691,42765702943884375,4288372020421,743,131,256
691,12532108985134375,-1409079032646,1087,180,369
691,28030561984140625,14462781884931,1033,173,355
691,355023841017432325375,-24184172754084687,983,165,371
694,976968817413160,-152483686341,761,134,262
694,28352123299078304,15605567192775,181,41,228
694,281098821504268988,665008088712201,353,70,712
695,3181396686015933,2148269800888,487,92,439
695,636053785530625,204102287616,877,150,370
695,202840075171994715,4026217474844,563,102,530
695,1271821975369407,122608883389,937,158,442
698,1357623955495899,-565080599815,683,123,282
699,1011705245522850,472529758463,347,68,152
699,209246827604513413,-78344558714696,443,85,213
