bit_length,semiprime,lattice_dimension,precision_parameter,smoothness_bound,num_lattices,num_candidates,total_sr_pairs,unique_sr_pairs,M+2_lattices,M+2_candidates,M+2_total_sr_pairs,M+2_unique_sr_pairs,time
20,665407,7,4,49,27,1390,118,51,27,1390,118,51,1.8180406093597412
20,617483,7,4,49,32,1779,137,51,32,1779,137,51,1.4231846332550049
20,564647,7,4,49,21,1217,114,53,21,1217,114,53,0.9734203815460205
20,770893,7,4,49,35,2113,182,51,35,2113,182,51,1.7871086597442627
20,932531,7,4,49,26,1318,114,51,26,1318,114,51,1.3558878898620605
30,567350767,10,4,100,25,7473,131,105,25,7473,131,105,5.396757125854492
30,651339401,10,4,100,23,7378,133,105,23,7378,133,105,5.370556116104126
30,876569143,10,4,100,34,11182,153,102,34,11182,153,102,8.185972690582275
30,837751801,10,4,100,38,11006,144,102,38,11006,144,102,8.119941473007202
30,633847283,10,4,100,38,12894,156,106,38,12894,156,106,9.600725650787354
40,611908819211,14,4,196,63,101356,219,205,63,101356,219,205,86.73296308517456
40,700258506601,14,4,196,52,80178,212,198,52,80178,212,198,108.15723633766174
40,553486480193,14,4,196,59,91405,213,198,59,91405,213,198,143.2487235069275
40,923330265881,14,4,196,58,96833,215,198,58,96833,215,198,155.31384468078613
40,561511761007,14,4,196,66,107110,214,198,66,107110,214,198,150.06661319732666
50,787664926516597,17,4,289,258,941689,317,291,258,941689,317,291,1368.3197782039642
50,692435077942679,17,4,289,227,812172,310,291,227,812172,310,291,942.9829754829407
50,626161191599389,17,4,289,228,810166,310,291,228,810166,310,291,843.1943485736847
50,915378658903853,17,4,289,257,934527,309,292,257,934527,309,292,965.191712141037
50,805799226533981,17,4,289,248,920945,318,291,248,920945,318,291,948.9375097751617
60,634442047663821359,20,4,400,1165,7272139,428,402,1165,7272139,428,402,11806.918320178986
60,650115908476947337,20,4,400,1084,6744975,426,402,1084,6744975,426,402,12906.127846002579
60,1022386930860125533,20,4,400,1262,7878093,429,402,1262,7878093,429,402,13972.607323169708
60,667642108583690621,20,4,400,1159,7270573,422,402,1159,7270573,422,402,10837.009508132935
60,603116539763274583,20,4,400,1223,7604618,418,402,1223,7604618,418,402,9776.598373651505
20,525647,7,4,49,26,1418,139,51,26,1418,139,51,2.0132503509521484
20,824023,7,4,49,39,2194,207,51,39,2194,207,51,1.7856297492980957
20,807361,7,4,49,36,1890,184,51,36,1890,184,51,1.5809190273284912
20,710113,7,4,49,48,2645,241,51,48,2645,241,51,2.148935079574585
20,713057,7,4,49,44,2277,198,51,44,2277,198,51,1.956876516342163
30,657857111,10,4,100,26,7955,138,102,26,7955,138,102,6.138035297393799
30,835457611,10,4,100,26,8820,135,102,26,8820,135,102,6.272710800170898
30,809808841,10,4,100,29,10111,140,104,29,10111,140,104,7.693193674087524
30,588024043,10,4,100,36,10924,127,102,36,10924,127,102,8.034103631973267
30,771225239,10,4,100,31,9786,131,104,31,9786,131,104,7.053629159927368
40,898473420211,14,4,196,62,103292,220,199,62,103292,220,199,91.90282082557678
40,628325160829,14,4,196,55,88236,222,201,55,88236,222,201,78.74650549888611
40,636785423441,14,4,196,64,97414,214,200,64,97414,214,200,85.99692368507385
40,862478889317,14,4,196,67,110631,217,199,67,110631,217,199,96.9269688129425
40,1077626302349,14,4,196,82,127264,225,201,82,127264,225,201,136.83565735816956
50,658425989827337,17,4,289,247,893866,317,294,247,893866,317,294,1001.5802688598633
50,748152152163809,17,4,289,218,801563,311,294,218,801563,311,294,1010.9009864330292
50,884335646483147,17,4,289,212,754609,301,291,212,754609,301,291,1508.409742116928
50,596083661952599,17,4,289,206,746153,309,292,206,746153,309,292,1485.0772721767426
50,920853380450837,17,4,289,245,890933,313,295,245,890933,313,295,1771.1675696372986
60,882419950652216467,20,4,400,1243,7799185,416,402,1243,7799185,416,402,11536.685312986374
60,835245138973122551,20,4,400,1367,8544473,427,402,1367,8544473,427,402,14825.59737086296
60,803758483046242637,20,4,400,1336,8348332,431,402,1336,8348332,431,402,14738.716013908386
60,769154093822085253,20,4,400,1327,8296798,424,402,1327,8296798,424,402,13839.78759431839
60,744261249402995801,20,4,400,1264,7874964,422,402,1264,7874964,422,402,11123.035887479782
20,612413,7,4,49,18,1077,135,51,18,1077,135,51,1.503087043762207
20,694151,7,4,49,41,2339,182,51,41,2339,182,51,1.8302011489868164
20,567583,7,4,49,36,1746,164,51,36,1746,164,51,1.5708203315734863
20,625249,7,4,49,25,1388,163,51,25,1388,163,51,1.1917238235473633
20,690199,7,4,49,34,1984,193,55,34,1984,193,55,1.5433294773101807
30,778843297,10,4,100,39,11823,148,104,39,11823,148,104,8.549747943878174
30,777098369,10,4,100,31,8721,138,102,31,8721,138,102,6.680342197418213
30,862632299,10,4,100,30,10447,142,102,30,10447,142,102,7.788234233856201
30,718629473,10,4,100,35,11248,116,102,35,11248,116,102,8.012027502059937
30,778773869,10,4,100,32,10086,157,103,32,10086,157,103,7.432974576950073
40,605030552821,14,4,196,60,94825,212,198,60,94825,212,198,86.70906782150269
40,704985591341,14,4,196,61,93606,214,201,61,93606,214,201,82.97182250022888
40,706709458751,14,4,196,52,82890,212,201,52,82890,212,201,74.63258790969849
40,792209333557,14,4,196,57,95261,218,204,57,95261,218,204,83.51489734649658
40,592987306507,14,4,196,53,83981,212,200,53,83981,212,200,74.69976019859314
50,743301941750057,17,4,289,224,808822,299,291,224,808822,299,291,999.1631436347961
50,574384105034419,17,4,289,217,773697,306,291,217,773697,306,291,823.2980811595917
50,835716906562117,17,4,289,247,909975,318,291,247,909975,318,291,967.8383491039276
50,575437320895777,17,4,289,237,852104,309,291,237,852104,309,291,910.4054970741272
50,703709489371223,17,4,289,263,938048,313,293,263,938048,313,293,998.2266576290131
60,740743296588793783,20,4,400,1409,8785174,424,402,1409,8785174,424,402,14357.335546970367
60,602232496155181811,20,4,400,1083,6783393,440,402,1083,6783393,440,402,10976.795156955719
60,876235977868226959,20,4,400,1248,7817634,421,402,1248,7817634,421,402,10889.928141117096
60,637922187974581369,20,4,400,1189,7443357,424,402,1189,7443357,424,402,15280.963512897491
60,684149672771279497,20,4,400,1275,7961337,419,402,1275,7961337,419,402,13550.093835353851
20,606511,7,4,49,48,2628,198,51,48,2628,198,51,2.691347122192383
20,698167,7,4,49,26,1368,135,51,26,1368,135,51,1.125382661819458
20,532891,7,4,49,25,1374,147,51,25,1374,147,51,1.1124920845031738
20,713809,7,4,49,35,1865,172,51,35,1865,172,51,1.5513031482696533
20,698969,7,4,49,26,1518,162,52,26,1518,162,52,1.183098554611206
30,686586577,10,4,100,28,8619,129,102,28,8619,129,102,6.696979999542236
30,850852973,10,4,100,36,12084,140,102,36,12084,140,102,8.648685216903687
30,711037339,10,4,100,36,10983,147,104,36,10983,147,104,7.872077226638794
30,569948767,10,4,100,28,8739,136,102,28,8739,136,102,6.479223966598511
30,737042459,10,4,100,25,8986,123,102,25,8986,123,102,6.135288715362549
40,825761179681,14,4,196,73,116560,210,199,73,116560,210,199,101.03565216064453
40,642657300437,14,4,196,58,91568,216,199,58,91568,216,199,79.17020463943481
40,960236918483,14,4,196,72,113853,215,199,72,113853,215,199,97.8777985572815
40,633810417749,14,4,196,63,103453,219,200,63,103453,219,200,87.74112844467163
40,664680865559,14,4,196,49,78953,211,199,49,78953,211,199,68.18143963813782
50,697115947699133,17,4,289,209,770022,309,292,209,770022,309,292,918.6834752559662
50,725074279590953,17,4,289,230,823163,307,292,230,823163,307,292,849.6072146892548
50,591671524869251,17,4,289,218,793831,307,291,218,793831,307,291,819.5868940353394
50,1043959950817141,17,4,289,291,1037643,302,291,291,1037643,302,291,1079.2338681221008
50,1033054208512363,17,4,289,279,1007238,307,292,279,1007238,307,292,1040.440043926239
60,959995105384972753,20,4,400,1422,8819214,432,403,1422,8819214,432,403,11336.55291557312
60,640974067083731683,20,4,400,1177,7361871,434,402,1177,7361871,434,402,9956.477903366089
60,1022953382268726983,20,4,400,1212,7596583,420,402,1212,7596583,420,402,11218.23069691658
60,846474199347520369,20,4,400,1203,7527756,422,403,1203,7527756,422,403,10135.805542230606
60,619798138837988251,20,4,400,1185,7403649,431,402,1185,7403649,431,402,14502.497857809067
20,830519,7,4,49,26,1357,143,51,26,1357,143,51,3.5692050457000732
20,653483,7,4,49,50,2611,221,51,50,2611,221,51,4.48156476020813
20,592283,7,4,49,27,1234,118,51,27,1234,118,51,2.3862714767456055
20,698069,7,4,49,29,1610,159,51,29,1610,159,51,2.839599609375
20,856619,7,4,49,27,1320,111,51,27,1320,111,51,2.5939791202545166
30,669136709,10,4,100,38,10961,147,103,38,10961,147,103,15.097026586532593
30,864417577,10,4,100,30,9717,169,107,30,9717,169,107,13.592013597488403
30,638147687,10,4,100,38,11596,142,104,38,11596,142,104,15.670254945755005
30,751026139,10,4,100,19,6631,123,102,19,6631,123,102,8.675983190536499
30,559804957,10,4,100,24,8214,118,102,24,8214,118,102,10.698379039764404
40,817086940559,14,4,196,60,99462,215,200,60,99462,215,200,159.93139910697937
40,647790494107,14,4,196,61,97162,213,198,61,97162,213,198,148.4290633201599
40,681453139387,14,4,196,66,104765,222,203,66,104765,222,203,91.072438955307
40,587795293951,14,4,196,50,83109,216,204,50,83109,216,204,98.16770100593567
40,657118139701,14,4,196,54,88586,219,201,54,88586,219,201,137.4435625076294
50,631276223897537,17,4,289,232,839776,316,292,232,839776,316,292,1656.0477695465088
50,867458365233949,17,4,289,270,968840,308,293,270,968840,308,293,1909.9509472846985
50,874031481855859,17,4,289,228,817473,320,291,228,817473,320,291,1631.9894564151764
50,634805482334747,17,4,289,211,758425,297,293,211,758425,297,293,1492.1531007289886
50,633859864998277,17,4,289,245,864568,319,291,245,864568,319,291,1469.682614326477
60,979232095989661981,20,4,400,1359,8511495,432,402,1359,8511495,432,402,15043.069585323334
60,936615341411610451,20,4,400,1280,8005324,427,402,1280,8005324,427,402,11409.718397140503
60,738354401439154501,20,4,400,1200,7427124,420,402,1200,7427124,420,402,10473.791995763779
60,595636009187941861,20,4,400,1139,7123723,434,403,1139,7123723,434,403,9590.172517061234
60,900616216060118297,20,4,400,1261,7888125,427,402,1261,7888125,427,402,13186.494819164276
